customer,state,gender,education,customer_lifetime_value,income,monthly_premium_auto,number_open_complaints,policy_type,vehicle_class,total_claim_amount,open_complaints
QZ44356,Arizona,F,Bachelor,697953.59,0.0,94.0,1/0/00,Personal Auto,Four-Door Car,1131.464935,0.0
WW63253,California,M,Bachelor,764586.18,0.0,106.0,1/0/00,Corporate Auto,SUV,529.881344,0.0
GA49547,Washington,M,High School or Below,536307.65,36357.0,68.0,1/0/00,Personal Auto,Four-Door Car,17.269323,0.0
XZ87318,Oregon,F,College,538089.86,55350.0,67.0,1/0/00,Corporate Auto,Four-Door Car,321.6,0.0
CF85061,Arizona,M,Master,721610.03,0.0,101.0,1/0/00,Corporate Auto,Four-Door Car,363.02968,0.0
DY87989,Oregon,M,Bachelor,2412750.4,14072.0,71.0,1/0/00,Corporate Auto,Four-Door Car,511.2,0.0
BQ94931,Oregon,F,College,738817.81,28812.0,93.0,1/0/00,Special Auto,Four-Door Car,425.527834,0.0
SX51350,California,M,College,473899.2,0.0,67.0,1/0/00,Personal Auto,Four-Door Car,482.4,0.0
HS14476,Washington,M,College,916206.32,29723.0,80.0,1/0/00,Personal Auto,Four-Door Car,20.985105,0.0
HD95276,Washington,F,College,473787.17,0.0,130.0,1/0/00,Personal Auto,SUV,23.820158,0.0
YD87931,Washington,M,Doctor,495165.61,46896.0,35354.0,1/1/00,Personal Auto,Four-Door Car,31.707317,1.0
SP81997,Washington,F,Master,793690.2593445693,41275.0,96.0,1/0/00,Personal Auto,Four-Door Car,41.122303,0.0
YB66933,Washington,F,Bachelor,538275.2,77552.0,68.0,1/1/00,Corporate Auto,Four-Door Car,45.215059,1.0
SG20925,Washington,F,Master,518579.76,99428.0,6464.0,1/1/00,Personal Auto,Four-Door Car,48.046869,1.0
FM14335,Washington,F,College,1048491.54,61108.0,89.0,1/0/00,Personal Auto,Four-Door Car,49.451117,0.0
LH92841,Washington,F,Bachelor,725595.38,88891.0,89.0,1/0/00,Personal Auto,Four-Door Car,50.528355,0.0
AZ95587,Arizona,F,Bachelor,1038855.32,61222.0,89.0,1/0/00,Special Auto,Four-Door Car,392.604371,0.0
OJ94107,Arizona,M,Master,561906.85,50335.0,140.0,1/0/00,Personal Auto,SUV,456.52385,0.0
LP84436,California,F,High School or Below,904711.92,0.0,127.0,1/0/00,Personal Auto,Luxury,1087.995426,0.0
FF22360,Washington,F,Doctor,268731.41,82210.0,68.0,1/4/00,Personal Auto,Four-Door Car,51.961915,4.0
LM19287,Oregon,F,High School or Below,373150.46,0.0,96.0,1/0/00,Personal Auto,Four-Door Car,460.8,0.0
ZU18643,Nevada,M,Bachelor,366077.03,64495.0,92.0,1/0/00,Corporate Auto,Four-Door Car,251.992083,0.0
AZ82578,California,F,College,792882.93,0.0,72.0,1/0/00,Corporate Auto,Four-Door Car,345.6,0.0
YC43143,Arizona,F,High School or Below,798825.83,77330.0,99.0,1/0/00,Personal Auto,Four-Door Car,99.257608,0.0
EK59571,Oregon,M,College,388545.64,0.0,105.0,1/0/00,Corporate Auto,Four-Door Car,504.0,0.0
PA38372,Washington,F,High School or Below,935773.78,33060.0,117.0,1/0/00,Personal Auto,Four-Door Car,56.731578,0.0
RO18530,Washington,M,Master,254068.98,42557.0,65.0,1/0/00,Personal Auto,Four-Door Car,57.562324,0.0
PD27940,Arizona,M,High School or Below,488516.25,26372.0,126.0,1/0/00,Personal Auto,SUV,604.8,0.0
BS77946,Arizona,F,Bachelor,975330.71,17514.0,127.0,1/0/00,Personal Auto,SUV,8.312729,0.0
YM50253,California,F,Bachelor,294615.37,89270.0,74.0,1/0/00,Personal Auto,Four-Door Car,316.599228,0.0
NR15332,California,M,High School or Below,258111.09,29757.0,65.0,1/0/00,Personal Auto,Four-Door Car,312.0,0.0
RC62865,Oregon,M,College,351738.58,51814.0,92.0,1/0/00,Personal Auto,Four-Door Car,56.300724,0.0
CC15295,Oregon,F,Bachelor,974335.01,24028.0,82.0,1/0/00,Personal Auto,Four-Door Car,393.6,0.0
KA61892,Arizona,M,College,387364.7,28142.0,105.0,1/0/00,Personal Auto,Luxury,701.708239,0.0
OY51402,Washington,F,High School or Below,825576.39,54040.0,103.0,1/0/00,Personal Auto,SUV,59.987126,0.0
YL74911,California,F,College,871492.21,0.0,118.0,1/0/00,Personal Auto,SUV,566.4,0.0
HL53154,California,M,Bachelor,741619.73,0.0,77.0,1/2/00,Personal Auto,Four-Door Car,554.4,2.0
RI78966,Oregon,M,Master,777115.9,21876.0,68.0,1/0/00,Personal Auto,Four-Door Car,465.41477,0.0
IC13702,California,F,Bachelor,696834.19,0.0,69.0,1/1/00,Personal Auto,Four-Door Car,496.8,1.0
BE10809,California,F,High School or Below,425028.26,0.0,61.0,1/1/00,Personal Auto,Four-Door Car,292.8,1.0
HT87217,Oregon,F,High School or Below,1977656.65,70699.0,82.0,1/0/00,Personal Auto,Four-Door Car,256.813837,0.0
TH95618,California,F,High School or Below,2134346.6,0.0,74.0,1/1/00,Personal Auto,Four-Door Car,355.2,1.0
TS19868,California,M,College,241313.97,27501.0,63.0,1/0/00,Personal Auto,Four-Door Car,542.319401,0.0
LP45550,Oregon,F,Doctor,1536384.72,15897.0,101.0,1/0/00,Personal Auto,Four-Door Car,303.148399,0.0
QR87004,Nevada,F,College,845696.19,25141.0,73.0,1/1/00,Personal Auto,Four-Door Car,25.438063,1.0
OE75747,Nevada,F,College,218964.25,0.0,61.0,1/3/00,Personal Auto,Four-Door Car,292.8,3.0
DX91392,California,M,High School or Below,578018.22,51066.0,74.0,1/0/00,Personal Auto,Four-Door Car,787.993313,0.0
AB72731,California,F,Bachelor,463998.16,28358.0,117.0,1/0/00,Personal Auto,Luxury,84.024413,0.0
GX84338,Washington,F,Doctor,382443.13,62530.0,95.0,1/0/00,Personal Auto,Four-Door Car,61.693771,0.0
BN90616,Washington,F,Bachelor,859033.5,63110.0,72.0,1/0/00,Personal Auto,Four-Door Car,68.179721,0.0
HH90090,California,F,Bachelor,407663.47,29549.0,104.0,1/0/00,Personal Auto,Luxury,710.433775,0.0
IU25463,California,F,Bachelor,1225260.18,0.0,115.0,1/1/00,Personal Auto,Four-Door Car,552.0,1.0
KC11055,Nevada,F,Bachelor,1693627.15,39411.0,217.0,1/2/00,Personal Auto,Luxury,1122.658899,2.0
PD33979,Oregon,M,High School or Below,489243.55,21709.0,62.0,1/0/00,Personal Auto,Four-Door Car,408.374746,0.0
NK71023,Nevada,M,Bachelor,994230.48,67890.0,85.0,1/0/00,Personal Auto,Four-Door Car,408.0,0.0
AB13432,California,M,Bachelor,373583.81,0.0,110.0,1/0/00,Personal Auto,SUV,792.0,0.0
OZ97704,California,F,High School or Below,1311752.22,84311.0,111.0,1/4/00,Personal Auto,SUV,532.8,4.0
UF46533,California,F,College,457452.41,99316.0,114.0,1/0/00,Corporate Auto,SUV,754.358929,0.0
XP47431,Arizona,F,Bachelor,547006.06,54507.0,138.0,1/0/00,Personal Auto,SUV,702.990032,0.0
GK73582,California,F,Bachelor,297884.6,64586.0,76.0,1/0/00,Personal Auto,Four-Door Car,206.837111,0.0
RV98763,Oregon,M,College,641096.75,61709.0,82.0,1/2/00,Personal Auto,Four-Door Car,275.395894,2.0
II62831,California,M,Master,447902.31,94656.0,111.0,1/1/00,Special Auto,SUV,459.738128,1.0
EN21086,Arizona,F,High School or Below,688909.8,0.0,63.0,1/0/00,Personal Auto,Four-Door Car,302.4,0.0
YL83902,Washington,F,Bachelor,327419.46,31686.0,81.0,1/0/00,Personal Auto,Four-Door Car,430.994107,0.0
AZ62651,Oregon,M,High School or Below,995170.77,56855.0,255.0,1/0/00,Corporate Auto,Luxury,1836.0,0.0
ZW25874,Oregon,M,Bachelor,252155.57,53703.0,67.0,1/2/00,Special Auto,Four-Door Car,67.632476,2.0
MW70227,California,M,College,604702.52,20396.0,76.0,1/1/00,Personal Auto,Four-Door Car,364.8,1.0
SL22297,California,F,Master,1114030.25,27679.0,150.0,1/0/00,Personal Auto,SUV,722.486994,0.0
RV14138,Nevada,F,Bachelor,433406.41,23904.0,123.0,1/3/00,Personal Auto,SUV,590.4,3.0
UO62808,Arizona,F,High School or Below,279974.79,65351.0,69.0,1/0/00,Corporate Auto,Four-Door Car,481.027516,0.0
ZX64745,California,M,College,792313.66,0.0,113.0,1/0/00,Personal Auto,SUV,1124.427734,0.0
FL34139,California,M,High School or Below,368811.09,0.0,63.0,1/3/00,Personal Auto,Four-Door Car,669.682001,3.0
TS11219,California,M,College,1206745.6,0.0,116.0,1/0/00,Personal Auto,SUV,1284.093173,0.0
XX12304,California,F,College,292497.67,64459.0,72.0,1/0/00,Personal Auto,Four-Door Car,240.259479,0.0
SD64087,California,M,College,1501409.27,32961.0,190.0,1/0/00,Corporate Auto,SUV,912.0,0.0
OY38576,Oregon,F,High School or Below,927723.38,71416.0,116.0,1/0/00,Corporate Auto,SUV,556.8,0.0
BG76355,Washington,F,Bachelor,627412.39,68964.0,78.0,1/0/00,Personal Auto,Four-Door Car,115.086827,0.0
LE95702,California,M,College,438627.76,10621.0,67.0,1/0/00,Special Auto,Four-Door Car,321.6,0.0
EZ78112,California,F,High School or Below,561096.43,77493.0,70.0,1/0/00,Special Auto,Four-Door Car,307.963291,0.0
XN16891,Arizona,M,College,291289.2,81097.0,74.0,1/0/00,Personal Auto,Four-Door Car,355.2,0.0
XK31350,Oregon,F,College,691572.99,96610.0,85.0,1/0/00,Corporate Auto,Four-Door Car,520.364752,0.0
CC30924,Oregon,M,College,626266.33,30110.0,159.0,1/0/00,Corporate Auto,Luxury,466.436375,0.0
KY33386,Washington,F,High School or Below,800739.94,0.0,112.0,1/0/00,Personal Auto,Luxury,537.6,0.0
CO44221,California,M,College,292991.65,98473.0,72.0,1/0/00,Personal Auto,Four-Door Car,345.6,0.0
LK60013,Oregon,F,Bachelor,596955.3,97431.0,74.0,1/0/00,Personal Auto,Four-Door Car,355.2,0.0
DE21533,California,M,Bachelor,547315.99,93870.0,69.0,1/0/00,Personal Auto,Four-Door Car,331.2,0.0
YS94121,Nevada,M,High School or Below,564539.67,50366.0,72.0,1/0/00,Personal Auto,Four-Door Car,428.734656,0.0
TE49565,Oregon,F,College,1183376.73,16552.0,103.0,1/0/00,Personal Auto,SUV,494.4,0.0
RA88421,Oregon,F,College,612110.79,26787.0,77.0,1/0/00,Personal Auto,Four-Door Car,369.6,0.0
CD88896,Nevada,F,High School or Below,251459.2,43860.0,65.0,1/0/00,Corporate Auto,Four-Door Car,156.124914,0.0
YV22553,Arizona,M,High School or Below,866861.13,21474.0,114.0,1/2/00,Corporate Auto,SUV,373.428187,2.0
WU14435,California,M,Bachelor,496096.54,18174.0,66.0,1/0/00,Corporate Auto,Four-Door Car,395.934815,0.0
XV84099,Arizona,F,Bachelor,550413.9,0.0,73.0,1/0/00,Corporate Auto,Four-Door Car,350.4,0.0
KO26461,Arizona,M,High School or Below,3226985.14,41520.0,90.0,1/0/00,Personal Auto,Four-Door Car,289.904105,0.0
HI14283,Oregon,F,Bachelor,565703.16,0.0,152.0,1/0/00,Personal Auto,SUV,729.6,0.0
TX17484,California,F,Bachelor,1518227.98,53863.0,63.0,1/0/00,Personal Auto,Four-Door Car,105.765111,0.0
CT41158,Washington,M,College,1074703.09,66446.0,136.0,1/0/00,Corporate Auto,SUV,639.464548,0.0
AO87348,Washington,M,College,205062.35,0.0,61.0,1/0/00,Personal Auto,Four-Door Car,292.8,0.0
DE55857,Washington,F,Bachelor,246544.49,64997.0,63.0,1/1/00,Personal Auto,Four-Door Car,383.442328,1.0
CN24514,Arizona,F,College,811982.91,46618.0,67.0,1/0/00,Personal Auto,Four-Door Car,99.085943,0.0
UW32074,Oregon,F,College,460526.52,0.0,64.0,1/0/00,Corporate Auto,Four-Door Car,307.2,0.0
HO61691,Arizona,F,Bachelor,509452.23,72006.0,64.0,1/0/00,Personal Auto,Four-Door Car,307.2,0.0
BS13062,Arizona,F,High School or Below,2575527.82,0.0,81.0,1/2/00,Personal Auto,Four-Door Car,388.8,2.0
FO35655,Oregon,M,Bachelor,867222.97,0.0,245.0,1/0/00,Corporate Auto,Luxury,2345.413441,0.0
HR10526,California,M,Master,804473.07,44320.0,67.0,1/0/00,Personal Auto,Four-Door Car,321.6,0.0
PK52952,Arizona,M,Doctor,854441.11,28224.0,109.0,1/0/00,Personal Auto,SUV,523.2,0.0
OD76309,Washington,F,College,780531.29,21073.0,106.0,1/1/00,Personal Auto,SUV,508.8,1.0
IL28481,Oregon,M,Bachelor,611275.69,63243.0,77.0,1/0/00,Personal Auto,Four-Door Car,364.240307,0.0
GY55092,Nevada,M,High School or Below,477294.38,20993.0,133.0,1/0/00,Personal Auto,SUV,638.4,0.0
UF33451,Oregon,F,Bachelor,1097909.56,94827.0,135.0,1/0/00,Personal Auto,SUV,354.729129,0.0
JM62924,Washington,M,Bachelor,1322304.38,37534.0,84.0,1/2/00,Personal Auto,Four-Door Car,403.2,2.0
EM66435,Oregon,F,Bachelor,262331.54,80210.0,65.0,1/0/00,Corporate Auto,Four-Door Car,20.543176,0.0
QX45933,California,M,Bachelor,1784019.56,0.0,62.0,1/0/00,Personal Auto,Four-Door Car,385.115437,0.0
JI71369,California,F,College,510611.18,30110.0,64.0,1/0/00,Personal Auto,Four-Door Car,140.165035,0.0
JU93290,Arizona,F,College,1793060.45,21708.0,68.0,1/0/00,Personal Auto,Four-Door Car,326.4,0.0
GU66096,Arizona,M,High School or Below,545734.26,94731.0,67.0,1/0/00,Personal Auto,Four-Door Car,321.6,0.0
UC33108,California,M,Bachelor,656364.41,32375.0,83.0,1/0/00,Personal Auto,Four-Door Car,398.4,0.0
LW93867,Oregon,M,College,481252.52,16531.0,63.0,1/0/00,Corporate Auto,Four-Door Car,102.879769,0.0
OU78470,Arizona,F,Master,2932804.19,32006.0,94.0,1/0/00,Corporate Auto,Four-Door Car,56.868289,0.0
HS67749,California,M,College,684711.89,71038.0,86.0,1/0/00,Corporate Auto,Four-Door Car,205.444066,0.0
VZ51506,Arizona,F,High School or Below,359531.29,0.0,103.0,1/0/00,Corporate Auto,Luxury,741.6,0.0
AE98193,Washington,M,High School or Below,785941.46,0.0,113.0,1/0/00,Personal Auto,SUV,813.6,0.0
AZ74055,Oregon,M,High School or Below,411557.74,52405.0,103.0,1/0/00,Personal Auto,Four-Door Car,494.4,0.0
XS76911,Arizona,F,High School or Below,502963.88,0.0,133.0,1/0/00,Personal Auto,Luxury,795.864079,0.0
AY40674,Washington,F,Bachelor,482141.85,26583.0,1005.0,1/4/00,Personal Auto,SUV,614.4,4.0
UA84837,Arizona,M,College,863005.39,24065.0,111.0,1/0/00,Corporate Auto,Four-Door Car,532.8,0.0
DJ51510,Arizona,F,High School or Below,932208.51,70435.0,116.0,1/0/00,Personal Auto,Four-Door Car,67.881546,0.0
UO98052,Nevada,M,College,615860.12,0.0,89.0,1/0/00,Personal Auto,Four-Door Car,342.481173,0.0
LQ13873,Nevada,M,High School or Below,556945.62,53565.0,71.0,1/1/00,Personal Auto,Four-Door Car,340.8,1.0
NT89061,Arizona,F,High School or Below,632392.39,78532.0,78.0,1/0/00,Personal Auto,Four-Door Car,374.4,0.0
AF10970,Arizona,F,Bachelor,597314.34,96163.0,73.0,1/0/00,Corporate Auto,Four-Door Car,350.4,0.0
ZG48513,California,M,Bachelor,470667.7,0.0,72.0,1/0/00,Personal Auto,Four-Door Car,345.6,0.0
JQ59145,California,M,High School or Below,809341.03,0.0,114.0,1/1/00,Personal Auto,Luxury,722.024742,1.0
FE84989,Washington,M,College,503574.46,72672.0,63.0,1/0/00,Personal Auto,Four-Door Car,259.361117,0.0
JT52858,Oregon,F,Bachelor,902786.72,99002.0,112.0,1/1/00,Personal Auto,Four-Door Car,537.6,1.0
MC62068,California,M,High School or Below,728888.48,79494.0,91.0,1/0/00,Personal Auto,Four-Door Car,396.295614,0.0
EU27538,Oregon,M,Master,1804247.94,35704.0,225.0,1/0/00,Personal Auto,Luxury,358.281562,0.0
RH42306,Arizona,F,Bachelor,499206.3,0.0,71.0,1/0/00,Corporate Auto,Four-Door Car,653.388564,0.0
WV76014,Arizona,M,Doctor,254040.77,70125.0,64.0,1/0/00,Special Auto,Four-Door Car,92.813396,0.0
RK96223,California,M,College,1294189.19,52369.0,110.0,1/1/00,Personal Auto,SUV,528.0,1.0
MF82000,Washington,F,Bachelor,236534.86,0.0,66.0,1/2/00,Special Auto,Four-Door Car,159.636956,2.0
FM46980,Arizona,M,College,572076.51,41770.0,72.0,1/0/00,Personal Auto,Four-Door Car,476.156957,0.0
SY56792,Oregon,M,High School or Below,703553.41,0.0,101.0,1/0/00,Corporate Auto,Four-Door Car,727.2,0.0
RF61565,California,M,College,263697.77,31911.0,67.0,1/0/00,Personal Auto,Four-Door Car,321.6,0.0
IM94808,Nevada,M,Bachelor,539583.2,70051.0,68.0,1/0/00,Corporate Auto,Four-Door Car,42.078345,0.0
VI14730,Oregon,M,High School or Below,838263.01,19683.0,117.0,1/1/00,Personal Auto,Luxury,561.6,1.0
YR34119,Washington,F,College,3116174.52,30916.0,112.0,1/0/00,Personal Auto,SUV,200.11606,0.0
RR77985,Oregon,F,Bachelor,288774.23,0.0,80.0,1/0/00,Personal Auto,Four-Door Car,676.944023,0.0
QD28391,Washington,M,College,742584.53,84302.0,62.0,1/0/00,Personal Auto,Four-Door Car,76.609295,0.0
WV17090,California,M,Bachelor,2558572.78,0.0,116.0,1/0/00,Corporate Auto,SUV,830.623064,0.0
TM23514,Oregon,M,College,1027260.82,60145.0,132.0,1/0/00,Personal Auto,SUV,580.473259,0.0
MQ68407,Oregon,F,Bachelor,437636.36,63774.0,111.0,1/0/00,Personal Auto,Four-Door Car,60.036683,0.0
GJ59592,California,F,Bachelor,531889.66,25134.0,67.0,1/0/00,Corporate Auto,Four-Door Car,321.6,0.0
FY56083,Oregon,M,Bachelor,471976.22,37057.0,61.0,1/1/00,Personal Auto,Four-Door Car,47.53101,1.0
UA94723,Oregon,F,High School or Below,442803.16,58577.0,110.0,1/0/00,Personal Auto,SUV,303.872752,0.0
FW91032,California,M,High School or Below,587917.61,85857.0,73.0,1/0/00,Corporate Auto,Four-Door Car,100.620067,0.0
DE34457,Oregon,F,Doctor,941690.85,70602.0,116.0,1/0/00,Personal Auto,SUV,481.339891,0.0
HD32044,Oregon,F,Master,828815.56,33816.0,106.0,1/2/00,Corporate Auto,Four-Door Car,508.8,2.0
HH30454,Oregon,M,Bachelor,3265483.83,0.0,153.0,1/0/00,Personal Auto,SUV,1101.6,0.0
AH84063,Oregon,F,College,471945.01,89642.0,121.0,1/4/00,Corporate Auto,SUV,86.320022,4.0
XI41052,California,F,Bachelor,545725.97,50044.0,139.0,1/0/00,Personal Auto,SUV,667.2,0.0
DI30528,California,F,Master,272535.64,36650.0,69.0,1/1/00,Personal Auto,Four-Door Car,56.60333,1.0
SC66359,Arizona,F,College,443397.37,50653.0,110.0,1/0/00,Corporate Auto,SUV,262.865172,0.0
EN61670,Arizona,F,Doctor,533246.27,68931.0,66.0,1/0/00,Personal Auto,Four-Door Car,309.577946,0.0
DQ10761,Oregon,M,Bachelor,231509.5,0.0,73.0,1/1/00,Corporate Auto,Four-Door Car,350.4,1.0
BQ51587,California,F,College,541195.37,0.0,73.0,1/0/00,Personal Auto,Four-Door Car,365.364581,0.0
JE21522,California,M,Bachelor,958733.23,39266.0,80.0,1/0/00,Personal Auto,Four-Door Car,384.0,0.0
WS47147,California,M,College,2210350.72,0.0,102.0,1/0/00,Personal Auto,SUV,489.6,0.0
ZA64638,Nevada,F,High School or Below,976494.53,0.0,98.0,1/1/00,Personal Auto,Four-Door Car,705.6,1.0
EW38459,Nevada,F,Bachelor,256715.15,40864.0,65.0,1/0/00,Corporate Auto,Four-Door Car,9.51528,0.0
QW87316,Oregon,F,College,265062.28,39035.0,68.0,1/0/00,Personal Auto,Four-Door Car,244.564334,0.0
TE34064,California,M,High School or Below,216852.35,0.0,63.0,1/0/00,Personal Auto,Four-Door Car,453.6,0.0
WU60905,California,F,High School or Below,861066.75,0.0,111.0,1/0/00,Corporate Auto,SUV,532.8,0.0
PD55753,Oregon,M,High School or Below,893013.97,0.0,82.0,1/0/00,Personal Auto,Four-Door Car,554.522969,0.0
KU56006,Arizona,F,College,553638.7,52220.0,70.0,1/1/00,Personal Auto,Four-Door Car,336.0,1.0
TW43626,California,M,College,808288.1,53554.0,67.0,1/0/00,Personal Auto,Four-Door Car,327.020539,0.0
XX84133,California,M,Bachelor,525473.43,34476.0,67.0,1/1/00,Corporate Auto,Four-Door Car,5.3953,1.0
ZW84453,Arizona,F,Bachelor,511623.76,0.0,70.0,1/0/00,Personal Auto,Four-Door Car,131.401291,0.0
VE89726,California,F,High School or Below,802489.99,0.0,119.0,1/1/00,Personal Auto,SUV,856.8,1.0
GE87503,California,M,High School or Below,1821114.32,53690.0,154.0,1/0/00,Personal Auto,SUV,739.2,0.0
PX90263,Oregon,M,High School or Below,512156.33,0.0,72.0,1/0/00,Personal Auto,Four-Door Car,518.4,0.0
NI17718,California,F,High School or Below,215017.86,0.0,61.0,1/0/00,Personal Auto,Four-Door Car,292.8,0.0
FY32213,California,F,High School or Below,559538.99,74454.0,71.0,1/0/00,Personal Auto,Four-Door Car,340.8,0.0
RZ13254,Nevada,F,Bachelor,756282.4,0.0,73.0,1/0/00,Personal Auto,Four-Door Car,350.4,0.0
GN45013,Oregon,M,High School or Below,538585.32,29664.0,71.0,1/0/00,Personal Auto,Four-Door Car,340.8,0.0
NM39588,Washington,F,Doctor,267805.83,72450.0,66.0,1/0/00,Corporate Auto,Four-Door Car,84.218363,0.0
KU84464,Nevada,F,Bachelor,942256.79,47272.0,79.0,1/3/00,Personal Auto,Four-Door Car,64.546877,3.0
YH43527,Oregon,F,College,360586.03,21585.0,92.0,1/0/00,Corporate Auto,Four-Door Car,441.6,0.0
RO30676,California,F,College,776259.06,23827.0,106.0,1/2/00,Personal Auto,Four-Door Car,37.910623,2.0
QL59704,Arizona,F,College,2344490.05,69906.0,74.0,1/2/00,Corporate Auto,Four-Door Car,202.860399,2.0
QH19450,California,F,High School or Below,255817.82,0.0,72.0,1/0/00,Corporate Auto,Four-Door Car,345.6,0.0
SA54664,Washington,M,Master,265438.1,73196.0,66.0,1/1/00,Personal Auto,Four-Door Car,85.809817,1.0
CI38330,Washington,M,Bachelor,254978.61,72217.0,6464.0,1/0/00,Personal Auto,Four-Door Car,91.146661,0.0
CE56187,Oregon,F,Master,436312.46,54514.0,109.0,1/3/00,Personal Auto,SUV,286.234931,3.0
JL19416,California,F,High School or Below,588430.86,0.0,161.0,1/0/00,Personal Auto,SUV,1159.2,0.0
JZ61422,Nevada,F,College,527219.16,96668.0,66.0,1/0/00,Personal Auto,Four-Door Car,316.8,0.0
LA13377,California,M,Doctor,550989.57,78879.0,69.0,1/1/00,Personal Auto,Four-Door Car,466.570791,1.0
NC99948,Nevada,M,College,1631368.35,0.0,69.0,1/0/00,Personal Auto,Four-Door Car,331.2,0.0
QD34785,Arizona,F,Bachelor,567805.02,0.0,76.0,1/0/00,Personal Auto,Four-Door Car,364.8,0.0
RO26085,California,F,Bachelor,1210120.88,0.0,112.0,1/0/00,Personal Auto,Luxury,1252.406235,0.0
ES57969,Oregon,M,Bachelor,245357.08,29735.0,69.0,1/0/00,Personal Auto,Four-Door Car,331.2,0.0
JK55587,California,M,High School or Below,507566.27,23082.0,65.0,1/0/00,Special Auto,Four-Door Car,312.0,0.0
RN97635,Arizona,M,Bachelor,321497.94,53984.0,80.0,1/0/00,Corporate Auto,Four-Door Car,421.484456,0.0
BI76326,California,F,College,1227534.31,52135.0,156.0,1/0/00,Personal Auto,SUV,430.505942,0.0
JA34909,California,F,College,272221.07,17576.0,71.0,1/0/00,Corporate Auto,Four-Door Car,398.502948,0.0
OJ90342,Oregon,F,Bachelor,245744.09,29486.0,62.0,1/0/00,Personal Auto,Four-Door Car,7.646763,0.0
CM88932,Oregon,F,Master,355484.53,58557.0,88.0,1/0/00,Corporate Auto,Four-Door Car,55.510526,0.0
XV21647,California,F,High School or Below,803645.03,0.0,112.0,1/0/00,Personal Auto,Luxury,806.4,0.0
MC83487,Arizona,M,Bachelor,427691.53,18768.0,68.0,1/3/00,Corporate Auto,Four-Door Car,647.454583,3.0
BL90769,California,F,Bachelor,3347334.95,33190.0,106.0,1/0/00,Personal Auto,SUV,508.8,0.0
CP85232,Arizona,M,College,4479546.94,58778.0,126.0,1/0/00,Special Auto,SUV,302.033971,0.0
YL74732,California,F,High School or Below,383211.81,15192.0,100.0,1/0/00,Personal Auto,SUV,480.0,0.0
FG16766,California,F,Bachelor,683793.26,51859.0,171.0,1/0/00,Personal Auto,SUV,1003.160633,0.0
RM10880,California,F,College,309651.12,21604.0,79.0,1/0/00,Corporate Auto,Four-Door Car,379.2,0.0
GL56175,Arizona,M,College,358971.07,79298.0,90.0,1/0/00,Personal Auto,Four-Door Car,244.362072,0.0
UK52289,Arizona,F,Bachelor,258240.85,76731.0,64.0,1/0/00,Special Auto,Four-Door Car,201.455005,0.0
OT85112,Washington,M,College,340391.94,38460.0,88.0,1/1/00,Personal Auto,Four-Door Car,91.55098,1.0
BC62782,Arizona,F,College,1357567.6,48534.0,115.0,1/1/00,Personal Auto,SUV,552.0,1.0
TI19722,Washington,M,Doctor,343613.43,30817.0,88.0,1/0/00,Corporate Auto,Four-Door Car,91.834668,0.0
JP30654,Oregon,F,College,2868582.79,48412.0,104.0,1/0/00,Personal Auto,SUV,707.430832,0.0
UM45563,Washington,M,Bachelor,450267.97,68798.0,114.0,1/0/00,Personal Auto,SUV,92.915251,0.0
EN60878,Oregon,M,Bachelor,618311.15,23712.0,85.0,1/0/00,Personal Auto,Four-Door Car,376.126419,0.0
JF36291,California,M,College,387364.7,28142.0,105.0,1/0/00,Personal Auto,Luxury,701.708239,0.0
BK59444,California,F,Master,1892933.06,72196.0,68.0,1/0/00,Personal Auto,Four-Door Car,152.184244,0.0
MK70700,California,M,Master,555329.58,68197.0,69.0,1/0/00,Personal Auto,Four-Door Car,176.819414,0.0
IW71076,California,M,Bachelor,501125.92,75248.0,63.0,1/0/00,Corporate Auto,Four-Door Car,104.454624,0.0
AP98768,California,F,College,1044244.63,0.0,98.0,1/0/00,Personal Auto,Four-Door Car,941.718054,0.0
VC87846,Oregon,M,High School or Below,748431.05,46998.0,96.0,1/0/00,Corporate Auto,Four-Door Car,460.8,0.0
ON73702,Arizona,F,Bachelor,908063.97,33897.0,114.0,1/0/00,Corporate Auto,SUV,539.843003,0.0
QQ90441,Nevada,F,High School or Below,1377097.62,59207.0,116.0,1/0/00,Personal Auto,Four-Door Car,556.8,0.0
HU35721,Oregon,M,High School or Below,287682.29,40171.0,73.0,1/0/00,Personal Auto,Four-Door Car,350.4,0.0
YP47665,Washington,M,Doctor,540891.15,80192.0,67.0,1/0/00,Personal Auto,Four-Door Car,95.193157,0.0
FU99476,Washington,M,High School or Below,677030.68,74422.0,85.0,1/1/00,Personal Auto,Four-Door Car,95.338505,1.0
AG85615,Oregon,M,College,2414387.56,0.0,87.0,1/0/00,Special Auto,Four-Door Car,626.4,0.0
OY74069,Arizona,F,College,353805.95,0.0,67.0,1/5/00,Personal Auto,Four-Door Car,321.6,5.0
DJ91267,Nevada,F,Bachelor,2909123.94,34226.0,244.0,1/0/00,Personal Auto,Luxury,494.395024,0.0
KB72438,California,F,High School or Below,1983420.12,65989.0,123.0,1/1/00,Personal Auto,SUV,115.545086,1.0
TR67616,Oregon,M,High School or Below,473136.7,30686.0,61.0,1/0/00,Corporate Auto,Four-Door Car,19.938981,0.0
GF65731,California,F,Master,3553784.6,0.0,113.0,1/0/00,Personal Auto,Luxury,799.926741,0.0
HB67642,Arizona,F,High School or Below,3461137.9,20090.0,109.0,1/0/00,Personal Auto,Luxury,523.2,0.0
DP84567,California,M,High School or Below,2021630.88,0.0,183.0,1/0/00,Personal Auto,Luxury,878.4,0.0
VV77534,Oregon,M,College,1397651.93,77094.0,176.0,1/0/00,Personal Auto,SUV,444.470676,0.0
GL67540,California,F,College,590408.82,97413.0,73.0,1/0/00,Personal Auto,Four-Door Car,268.819985,0.0
SV50502,Oregon,F,Master,559583.5,79189.0,69.0,1/0/00,Corporate Auto,Four-Door Car,331.2,0.0
OA57352,Arizona,F,College,627391.19,18577.0,86.0,1/0/00,Personal Auto,Four-Door Car,412.8,0.0
ZF84449,Oregon,F,College,372672.8,0.0,112.0,1/1/00,Special Auto,Luxury,806.4,1.0
HG39060,Oregon,M,Bachelor,511068.08,0.0,74.0,1/0/00,Corporate Auto,Four-Door Car,532.8,0.0
EM29359,Nevada,M,College,712659.65,17483.0,183.0,1/0/00,Personal Auto,Luxury,1317.6,0.0
SF57173,Oregon,M,Master,460163.41,84394.0,114.0,1/0/00,Personal Auto,SUV,691.412378,0.0
OT47603,Oregon,M,College,915523.97,0.0,127.0,1/0/00,Personal Auto,Luxury,804.811859,0.0
SW31412,Oregon,F,College,1480805.62,41440.0,62.0,1/1/00,Personal Auto,Four-Door Car,297.6,1.0
JS36322,Arizona,M,High School or Below,890167.84,0.0,136.0,1/1/00,Personal Auto,Luxury,1090.86434,1.0
RM24280,Oregon,F,High School or Below,417769.7,0.0,112.0,1/0/00,Personal Auto,Four-Door Car,537.6,0.0
LC25393,California,M,Bachelor,2777628.91,88220.0,230.0,1/0/00,Personal Auto,Luxury,151.528482,0.0
UX38930,Arizona,F,Master,1036434.75,58327.0,129.0,1/0/00,Personal Auto,SUV,347.075948,0.0
RX24650,Oregon,M,High School or Below,477294.38,20993.0,133.0,1/0/00,Corporate Auto,SUV,638.4,0.0
DW19309,Oregon,M,High School or Below,1422650.49,65726.0,177.0,1/0/00,Corporate Auto,SUV,849.6,0.0
WZ40465,Washington,F,Bachelor,504129.96,36234.0,63.0,1/0/00,Personal Auto,Four-Door Car,113.534474,0.0
DB42794,California,M,College,436293.12,58842.0,110.0,1/0/00,Personal Auto,Four-Door Car,528.0,0.0
JB50798,Oregon,F,Master,962452.44,25629.0,124.0,1/2/00,Corporate Auto,Luxury,595.2,2.0
IP69763,Washington,F,College,2191440.55,77311.0,181.0,1/0/00,Personal Auto,SUV,113.609508,0.0
TE35785,California,M,Doctor,694842.22,0.0,196.0,1/2/00,Personal Auto,Luxury,1337.063487,2.0
QN65180,Oregon,F,Bachelor,2190391.36,22254.0,79.0,1/0/00,Personal Auto,Four-Door Car,125.194389,0.0
GE47180,Nevada,M,High School or Below,902882.14,65974.0,113.0,1/0/00,Personal Auto,Luxury,235.220971,0.0
VQ38776,Oregon,F,College,530375.95,0.0,76.0,1/0/00,Personal Auto,Four-Door Car,395.34111,0.0
BH86846,Washington,M,High School or Below,2070825.88,92079.0,65.0,1/1/00,Corporate Auto,Four-Door Car,114.798771,1.0
DF95759,Oregon,M,College,949234.3,0.0,132.0,1/0/00,Personal Auto,SUV,633.6,0.0
QG45324,Oregon,F,High School or Below,820486.32,0.0,73.0,1/0/00,Personal Auto,Four-Door Car,350.4,0.0
MN61620,Arizona,F,College,987729.57,67752.0,131.0,1/4/00,Personal Auto,Luxury,168.517149,4.0
YH86390,California,F,Bachelor,481500.97,25398.0,64.0,1/0/00,Corporate Auto,Four-Door Car,307.2,0.0
FY13480,California,M,High School or Below,627701.17,0.0,88.0,1/0/00,Personal Auto,Four-Door Car,633.6,0.0
YH61661,California,M,High School or Below,826063.98,33321.0,105.0,1/0/00,Special Auto,SUV,504.0,0.0
NL93182,Nevada,M,Bachelor,254945.0,0.0,78.0,1/0/00,Corporate Auto,Four-Door Car,845.654042,0.0
WE68644,Oregon,F,Bachelor,380392.18,20325.0,100.0,1/0/00,Personal Auto,Luxury,668.29397,0.0
EZ30498,Oregon,M,Bachelor,863540.35,13129.0,117.0,1/0/00,Personal Auto,SUV,700.901632,0.0
QY74517,Oregon,F,High School or Below,551055.9,0.0,73.0,1/0/00,Personal Auto,Four-Door Car,525.6,0.0
NM88660,Nevada,M,Master,358588.41,49080.0,91.0,1/0/00,Corporate Auto,Four-Door Car,25.299,0.0
MZ82036,Nevada,M,College,488925.28,42536.0,63.0,1/0/00,Personal Auto,Four-Door Car,375.330097,0.0
ID20929,Oregon,M,Bachelor,275694.17,29926.0,74.0,1/0/00,Corporate Auto,Four-Door Car,418.233667,0.0
TT82373,California,F,Bachelor,1093717.85,21450.0,138.0,1/0/00,Personal Auto,Luxury,938.513425,0.0
OH64088,California,M,High School or Below,737556.79,33345.0,65.0,1/0/00,Corporate Auto,Four-Door Car,338.619869,0.0
IO33050,Oregon,F,High School or Below,511941.43,40169.0,65.0,1/1/00,Personal Auto,Four-Door Car,302.818833,1.0
XA55917,California,F,College,853383.2,26049.0,113.0,1/1/00,Personal Auto,SUV,619.165344,1.0
JK32620,Nevada,M,College,222476.8,0.0,68.0,1/0/00,Personal Auto,Four-Door Car,326.4,0.0
RQ19236,Arizona,M,Doctor,804280.38,55411.0,100.0,1/0/00,Personal Auto,Luxury,259.561195,0.0
QC47433,Oregon,M,College,255443.71,12459.0,70.0,1/0/00,Personal Auto,Four-Door Car,336.0,0.0
XH97711,California,M,Bachelor,243050.66,83140.0,61.0,1/0/00,Corporate Auto,Four-Door Car,179.161843,0.0
AU96286,Oregon,F,Bachelor,316765.84,0.0,92.0,1/0/00,Corporate Auto,Four-Door Car,662.4,0.0
KC17170,Arizona,F,Bachelor,546560.4,54422.0,68.0,1/0/00,Corporate Auto,Four-Door Car,75.501852,0.0
ZN47335,California,M,College,1035751.42,68309.0,131.0,1/0/00,Corporate Auto,SUV,306.983596,0.0
EI46264,California,M,High School or Below,253781.39,56621.0,65.0,1/2/00,Personal Auto,Four-Door Car,84.026848,2.0
EK87864,Arizona,F,College,282194.72,38977.0,70.0,1/0/00,Special Auto,Four-Door Car,139.489926,0.0
LU89008,Arizona,F,College,595554.46,0.0,83.0,1/0/00,Personal Auto,Four-Door Car,628.023494,0.0
IU96845,Arizona,M,College,628547.69,32390.0,80.0,1/0/00,Personal Auto,Four-Door Car,91.417923,0.0
LZ34046,Oregon,M,Bachelor,2359468.02,76358.0,66.0,1/0/00,Personal Auto,Four-Door Car,86.461582,0.0
JC80093,Washington,M,Master,257250.66,21104.0,66.0,1/0/00,Personal Auto,Four-Door Car,118.454974,0.0
YE88490,Arizona,F,College,538089.86,55350.0,67.0,1/0/00,Personal Auto,Four-Door Car,321.6,0.0
AI85843,Arizona,F,Master,675665.14,33288.0,86.0,1/2/00,Personal Auto,Four-Door Car,221.856184,2.0
XD66024,Arizona,F,College,593601.18,0.0,84.0,1/0/00,Personal Auto,Four-Door Car,980.169081,0.0
FY51713,Arizona,F,Bachelor,357076.05,56168.0,88.0,1/0/00,Personal Auto,Four-Door Car,614.675906,0.0
PH26378,California,M,College,601996.05,0.0,92.0,1/0/00,Personal Auto,Four-Door Car,662.4,0.0
KY14688,Oregon,F,Master,273031.38,36218.0,68.0,1/0/00,Personal Auto,Four-Door Car,145.252168,0.0
TC97762,California,F,High School or Below,498268.14,52275.0,62.0,1/0/00,Corporate Auto,Four-Door Car,374.240783,0.0
QC87108,Oregon,F,College,876926.68,49665.0,74.0,1/0/00,Personal Auto,Four-Door Car,355.2,0.0
CK19789,California,F,Master,588718.2,62773.0,73.0,1/0/00,Personal Auto,Four-Door Car,80.669257,0.0
UV12583,California,F,College,470058.38,76694.0,117.0,1/0/00,Personal Auto,SUV,561.6,0.0
JC11405,Oregon,M,High School or Below,1096395.72,55687.0,276.0,1/0/00,Personal Auto,Luxury,1324.8,0.0
KA89683,Arizona,F,High School or Below,252317.12,0.0,70.0,1/0/00,Personal Auto,Four-Door Car,504.0,0.0
BG85305,Nevada,M,Doctor,375780.47,36633.0,96.0,1/1/00,Personal Auto,Four-Door Car,460.8,1.0
UQ87917,Oregon,M,High School or Below,1294173.35,77060.0,106.0,1/0/00,Personal Auto,SUV,468.566133,0.0
OS46571,California,M,High School or Below,688955.7,0.0,66.0,1/0/00,Personal Auto,Four-Door Car,475.2,0.0
PX17116,Nevada,M,College,362345.42,0.0,111.0,1/2/00,Corporate Auto,SUV,1171.93117,2.0
RP19541,Arizona,M,College,758211.38,64801.0,64.0,1/0/00,Personal Auto,Four-Door Car,268.471802,0.0
NQ86532,California,M,High School or Below,257645.56,26854.0,66.0,1/0/00,Personal Auto,Four-Door Car,475.2,0.0
JY27336,Oregon,F,College,820538.79,85840.0,102.0,1/2/00,Corporate Auto,SUV,138.722385,2.0
PB54378,Oregon,F,Doctor,1958246.89,26463.0,72.0,1/0/00,Corporate Auto,Four-Door Car,345.6,0.0
SV38190,Nevada,F,Bachelor,648152.66,30689.0,81.0,1/0/00,Personal Auto,Four-Door Car,467.24802,0.0
EX28656,Oregon,F,College,983033.76,25965.0,253.0,1/0/00,Personal Auto,Luxury,1214.4,0.0
CF57022,Oregon,M,Bachelor,1044265.14,17269.0,139.0,1/0/00,Personal Auto,SUV,667.2,0.0
GM16780,Oregon,M,College,3605753.7,90330.0,137.0,1/3/00,Corporate Auto,Luxury,192.085299,3.0
BX94438,California,F,High School or Below,847003.68,0.0,113.0,1/0/00,Corporate Auto,SUV,619.973889,0.0
RM41745,California,F,High School or Below,827878.65,0.0,110.0,1/0/00,Personal Auto,Four-Door Car,1002.782553,0.0
YH92099,Arizona,F,Bachelor,308799.99,18558.0,80.0,1/0/00,Special Auto,Four-Door Car,384.0,0.0
SG81493,Arizona,M,Bachelor,444373.62,46384.0,113.0,1/0/00,Corporate Auto,Four-Door Car,251.774574,0.0
FJ54907,Oregon,F,College,718097.1,42303.0,180.0,1/0/00,Personal Auto,Luxury,1210.920949,0.0
CU26127,California,F,Bachelor,1565603.43,71731.0,130.0,1/0/00,Corporate Auto,SUV,599.648466,0.0
YH60476,Oregon,M,High School or Below,578018.22,51066.0,74.0,1/0/00,Corporate Auto,Four-Door Car,787.993313,0.0
ZZ97035,California,M,College,2071494.04,0.0,203.0,1/0/00,Corporate Auto,Luxury,2027.724442,0.0
GE82737,Nevada,F,Bachelor,533735.24,0.0,86.0,1/3/00,Personal Auto,Four-Door Car,619.2,3.0
UA51318,Arizona,F,High School or Below,511662.4,26173.0,68.0,1/1/00,Corporate Auto,Four-Door Car,449.819671,1.0
LQ68252,Oregon,M,High School or Below,373843.62,27208.0,102.0,1/0/00,Personal Auto,SUV,489.6,0.0
CR92802,California,F,Master,272535.64,36650.0,69.0,1/1/00,Special Auto,Four-Door Car,56.60333,1.0
SL35268,Arizona,M,College,545386.12,30855.0,68.0,1/0/00,Corporate Auto,Four-Door Car,259.060862,0.0
JS42382,Oregon,M,Master,617291.42,99960.0,76.0,1/0/00,Corporate Auto,Four-Door Car,364.8,0.0
BT30554,Arizona,F,Bachelor,1034632.45,0.0,98.0,1/0/00,Personal Auto,Four-Door Car,470.4,0.0
VP57424,Nevada,F,Bachelor,699700.86,55873.0,88.0,1/0/00,Personal Auto,Four-Door Car,299.356083,0.0
VU19243,Arizona,F,High School or Below,419625.77,18052.0,111.0,1/0/00,Personal Auto,Four-Door Car,699.1679,0.0
TA82973,Oregon,F,High School or Below,785810.98,28937.0,104.0,1/2/00,Personal Auto,SUV,117.959654,2.0
GK71720,Oregon,F,High School or Below,606434.4,0.0,86.0,1/0/00,Personal Auto,Four-Door Car,545.240341,0.0
LL62746,Oregon,M,Doctor,897064.73,12829.0,118.0,1/0/00,Personal Auto,SUV,328.231432,0.0
AW77988,Oregon,M,High School or Below,3585059.94,17588.0,192.0,1/0/00,Personal Auto,Luxury,1382.4,0.0
QP84605,Washington,F,Bachelor,870984.53,41546.0,111.0,1/0/00,Corporate Auto,Four-Door Car,121.306839,0.0
MY97912,Arizona,M,College,1330933.52,0.0,127.0,1/0/00,Personal Auto,SUV,609.6,0.0
IB87349,California,M,High School or Below,452850.49,70340.0,113.0,1/0/00,Special Auto,Four-Door Car,542.4,0.0
AW73065,Oregon,F,High School or Below,279190.65,0.0,74.0,1/0/00,Personal Auto,Four-Door Car,532.8,0.0
BW80872,Washington,M,High School or Below,443441.12,34549.0,111.0,1/0/00,Personal Auto,Four-Door Car,125.933005,0.0
PX70175,Arizona,M,College,799600.75,93459.0,99.0,1/0/00,Personal Auto,Four-Door Car,655.41333,0.0
KF75098,Arizona,M,Bachelor,512973.9,86148.0,65.0,1/2/00,Personal Auto,Four-Door Car,312.0,2.0
IS50283,California,F,Bachelor,569717.52,27048.0,72.0,1/0/00,Corporate Auto,Four-Door Car,345.6,0.0
MY64920,Oregon,F,College,921713.06,73259.0,115.0,1/0/00,Personal Auto,SUV,673.34265,0.0
KN34250,Oregon,F,College,1020892.76,35482.0,129.0,1/0/00,Corporate Auto,SUV,619.2,0.0
GN46207,Oregon,F,Master,417068.73,29462.0,107.0,1/1/00,Personal Auto,SUV,513.6,1.0
KL57176,Oregon,F,College,450540.58,67801.0,115.0,1/1/00,Personal Auto,SUV,23.810491,1.0
HK26543,California,M,High School or Below,504586.67,28056.0,64.0,1/1/00,Personal Auto,Four-Door Car,307.2,1.0
PN86062,California,M,High School or Below,296272.25,16495.0,85.0,1/3/00,Corporate Auto,Four-Door Car,408.0,3.0
VW27730,California,F,Master,866595.64,41163.0,108.0,1/0/00,Corporate Auto,SUV,231.922173,0.0
SH55671,Arizona,F,College,1141344.12,0.0,161.0,1/1/00,Personal Auto,Luxury,772.8,1.0
MO56878,California,M,Bachelor,1548843.2,33799.0,109.0,1/3/00,Corporate Auto,SUV,664.980242,3.0
VO38365,Washington,F,College,886114.95,90125.0,110.0,1/0/00,Corporate Auto,SUV,128.645946,0.0
SV35618,Oregon,F,Bachelor,593474.15,87747.0,147.0,1/1/00,Personal Auto,SUV,46.492039,1.0
RX12347,Nevada,M,College,354323.21,35695.0,90.0,1/0/00,Personal Auto,Four-Door Car,432.0,0.0
FR55658,California,M,Master,349002.83,90985.0,87.0,1/0/00,Personal Auto,Four-Door Car,78.085149,0.0
XS12556,California,F,College,368309.99,0.0,101.0,1/0/00,Corporate Auto,Luxury,564.466556,0.0
ZU73588,California,M,College,598977.39,66839.0,154.0,1/0/00,Personal Auto,Luxury,739.2,0.0
WT43034,California,F,High School or Below,1250084.3,0.0,165.0,1/0/00,Personal Auto,SUV,792.0,0.0
VM13430,Oregon,F,Bachelor,860915.82,79090.0,107.0,1/0/00,Corporate Auto,SUV,289.040734,0.0
VC34764,California,M,College,701917.72,26806.0,63.0,1/0/00,Personal Auto,Four-Door Car,302.4,0.0
KO46064,California,M,Bachelor,273020.29,46135.0,69.0,1/0/00,Personal Auto,Four-Door Car,103.935601,0.0
RB34917,Arizona,F,Bachelor,516211.69,0.0,73.0,1/0/00,Personal Auto,Four-Door Car,809.532341,0.0
PU18983,Oregon,F,High School or Below,860815.72,21450.0,110.0,1/2/00,Personal Auto,Luxury,528.0,2.0
ES39217,Oregon,F,Bachelor,778500.42,44897.0,99.0,1/1/00,Personal Auto,Four-Door Car,580.72531,1.0
KP72427,Washington,M,High School or Below,2163983.86,64455.0,108.0,1/0/00,Personal Auto,SUV,133.735395,0.0
UA19178,Oregon,F,Master,498082.5,53265.0,62.0,1/0/00,Personal Auto,Four-Door Car,238.005074,0.0
PR53785,Arizona,F,High School or Below,745723.78,0.0,198.0,1/1/00,Personal Auto,Luxury,1577.674417,1.0
CN90378,California,F,High School or Below,686250.83,54780.0,88.0,1/3/00,Personal Auto,Four-Door Car,135.26125,3.0
KI56154,Nevada,M,High School or Below,904898.34,0.0,119.0,1/0/00,Personal Auto,Luxury,571.2,0.0
UI55951,California,M,Bachelor,554803.19,67798.0,69.0,1/0/00,Personal Auto,Four-Door Car,331.2,0.0
FF28650,Oregon,M,Bachelor,831268.16,21442.0,118.0,1/0/00,Personal Auto,SUV,566.4,0.0
FS55302,California,M,Bachelor,238998.1,27615.0,62.0,1/1/00,Personal Auto,Four-Door Car,297.6,1.0
TN79487,California,M,Bachelor,445811.34,17622.0,65.0,1/1/00,Personal Auto,Four-Door Car,312.0,1.0
HG32616,Nevada,M,High School or Below,529574.17,50200.0,135.0,1/0/00,Personal Auto,Luxury,637.063458,0.0
UK41984,Arizona,F,Doctor,383960.61,0.0,112.0,1/2/00,Personal Auto,SUV,537.6,2.0
LZ52266,California,F,High School or Below,373150.46,0.0,96.0,1/0/00,Personal Auto,Four-Door Car,460.8,0.0
ZK21724,Oregon,F,High School or Below,401654.2,0.0,111.0,1/0/00,Personal Auto,SUV,799.2,0.0
QE22757,Nevada,M,Doctor,249131.7,36631.0,62.0,1/0/00,Personal Auto,Four-Door Car,67.530904,0.0
ON77649,Oregon,F,College,290887.59,35895.0,73.0,1/0/00,Personal Auto,Four-Door Car,312.921256,0.0
RN82884,Arizona,F,College,428294.8,40864.0,109.0,1/1/00,Personal Auto,SUV,166.937747,1.0
CQ75652,Oregon,M,College,834162.37,0.0,118.0,1/0/00,Personal Auto,Four-Door Car,566.4,0.0
FF58467,Arizona,F,Master,509078.13,93018.0,63.0,1/0/00,Personal Auto,Four-Door Car,135.382194,0.0
BS83666,Oregon,M,Bachelor,736618.83,70014.0,62.0,1/0/00,Corporate Auto,Four-Door Car,17.742954,0.0
TL77607,California,M,Bachelor,885268.87,67969.0,74.0,1/0/00,Personal Auto,Four-Door Car,197.776009,0.0
EZ50606,Oregon,F,High School or Below,2387547.68,0.0,108.0,1/0/00,Corporate Auto,SUV,612.102262,0.0
XW96958,Nevada,M,High School or Below,757334.51,0.0,110.0,1/0/00,Corporate Auto,Four-Door Car,1193.036154,0.0
TU92578,California,M,College,1469663.55,45345.0,125.0,1/0/00,Personal Auto,SUV,600.0,0.0
TL43709,Washington,M,Bachelor,897214.03,89689.0,74.0,1/0/00,Personal Auto,Four-Door Car,136.829537,0.0
YE68736,California,F,Bachelor,772484.01,32051.0,193.0,1/1/00,Personal Auto,SUV,926.4,1.0
OB96537,Oregon,M,Master,594667.07,81139.0,74.0,1/0/00,Special Auto,Four-Door Car,392.6364,0.0
EU68825,Oregon,F,Master,800054.51,63834.0,100.0,1/1/00,Personal Auto,Luxury,215.226476,1.0
CC31456,Arizona,M,Bachelor,645756.1,37548.0,81.0,1/0/00,Special Auto,Four-Door Car,160.598662,0.0
DJ77787,Arizona,F,High School or Below,728144.01,0.0,69.0,1/3/00,Personal Auto,Four-Door Car,371.803029,3.0
LN26837,California,M,High School or Below,259243.78,72421.0,65.0,1/0/00,Personal Auto,Four-Door Car,312.0,0.0
YI92916,Nevada,M,Master,467842.34,83102.0,116.0,1/0/00,Corporate Auto,Four-Door Car,443.670399,0.0
NW54906,Oregon,M,College,1386992.71,28432.0,118.0,1/0/00,Personal Auto,SUV,612.300581,0.0
ME77513,Nevada,F,Master,871777.78,83707.0,108.0,1/0/00,Corporate Auto,Four-Door Car,290.391526,0.0
UK76891,California,F,College,523398.68,63259.0,65.0,1/0/00,Corporate Auto,Four-Door Car,316.795337,0.0
SI26888,Nevada,F,High School or Below,476418.97,0.0,67.0,1/0/00,Personal Auto,Four-Door Car,405.527937,0.0
YD74948,Oregon,F,College,247246.92,63860.0,62.0,1/0/00,Personal Auto,Four-Door Car,208.598246,0.0
HB64268,Washington,M,Bachelor,281369.26,43836.0,73.0,1/0/00,Personal Auto,Four-Door Car,138.130879,0.0
OD69005,Arizona,F,High School or Below,1048194.38,39102.0,88.0,1/0/00,Personal Auto,Four-Door Car,152.338562,0.0
ZZ91716,California,F,Bachelor,325676.64,0.0,89.0,1/0/00,Personal Auto,Four-Door Car,491.755368,0.0
UK70255,California,F,College,3047578.05,97298.0,128.0,1/0/00,Personal Auto,Luxury,48.517439,0.0
NS45347,Oregon,F,College,563145.19,17291.0,73.0,1/0/00,Personal Auto,Four-Door Car,350.4,0.0
FV19421,California,M,Bachelor,778099.93,0.0,74.0,1/0/00,Personal Auto,Four-Door Car,246.489123,0.0
XW89091,California,M,College,981652.83,37256.0,62.0,1/0/00,Personal Auto,Four-Door Car,128.969729,0.0
YC11951,Oregon,M,High School or Below,751913.36,96306.0,95.0,1/1/00,Corporate Auto,Four-Door Car,185.355353,1.0
UY18770,California,F,Bachelor,1017971.7,14290.0,271.0,1/0/00,Personal Auto,Luxury,1300.8,0.0
RA49085,California,F,College,277283.92,37038.0,71.0,1/1/00,Corporate Auto,Four-Door Car,9.071305,1.0
BG84194,Oregon,M,College,403750.18,90760.0,103.0,1/2/00,Special Auto,SUV,133.475315,2.0
PT64580,Washington,M,Master,419196.61,77048.0,103.0,1/0/00,Personal Auto,SUV,141.199465,0.0
MR67738,Oregon,F,High School or Below,267686.79,54480.0,67.0,1/0/00,Personal Auto,Four-Door Car,321.6,0.0
DB75522,California,F,College,698840.16,22436.0,89.0,1/0/00,Special Auto,Four-Door Car,427.2,0.0
LM34525,Washington,F,College,874205.78,71592.0,72.0,1/0/00,Personal Auto,Four-Door Car,141.725051,0.0
WW30771,Arizona,M,Master,267331.96,28728.0,67.0,1/0/00,Personal Auto,Four-Door Car,321.6,0.0
QP65569,Arizona,M,High School or Below,1215732.99,57449.0,103.0,1/0/00,Personal Auto,Four-Door Car,494.4,0.0
UO86707,Washington,M,Bachelor,717390.94,75217.0,61.0,1/1/00,Personal Auto,Four-Door Car,147.080303,1.0
JA41698,Nevada,M,Bachelor,309953.8,0.0,102.0,1/5/00,Corporate Auto,SUV,862.762957,5.0
NX18774,Oregon,M,Bachelor,841568.46,55308.0,107.0,1/0/00,Corporate Auto,SUV,513.6,0.0
CN23147,Oregon,M,Bachelor,1305717.07,48804.0,112.0,1/1/00,Corporate Auto,Four-Door Car,537.6,1.0
RA68844,Oregon,M,College,959995.02,0.0,131.0,1/0/00,Personal Auto,SUV,943.2,0.0
GH42026,Oregon,M,Bachelor,853510.89,55790.0,111.0,1/0/00,Personal Auto,SUV,117.672722,0.0
BD16530,Arizona,F,Bachelor,829348.19,70258.0,69.0,1/0/00,Personal Auto,Four-Door Car,225.145949,0.0
WK23685,Oregon,F,Bachelor,663685.98,47274.0,83.0,1/1/00,Corporate Auto,Four-Door Car,182.432565,1.0
GF97874,Washington,F,Master,527562.7,70446.0,65.0,1/0/00,Personal Auto,Four-Door Car,155.570802,0.0
ZH19885,Washington,F,High School or Below,251459.2,43860.0,65.0,1/0/00,Personal Auto,Four-Door Car,156.124914,0.0
EL93539,California,M,Master,575744.23,88997.0,72.0,1/0/00,Special Auto,Four-Door Car,174.041566,0.0
EE99484,Washington,F,High School or Below,251459.2,43860.0,65.0,1/0/00,Corporate Auto,Four-Door Car,156.124914,0.0
DP46882,California,F,High School or Below,288645.16,10312.0,78.0,1/0/00,Corporate Auto,Four-Door Car,486.278557,0.0
WP41146,California,F,High School or Below,534143.88,0.0,72.0,1/1/00,Personal Auto,Four-Door Car,345.6,1.0
TK60799,Arizona,F,High School or Below,416001.81,96263.0,103.0,1/0/00,Personal Auto,SUV,1.924709,0.0
DN29808,California,F,College,284624.54,28919.0,72.0,1/0/00,Corporate Auto,Four-Door Car,518.4,0.0
TC14209,Arizona,F,High School or Below,909574.46,0.0,128.0,1/0/00,Personal Auto,SUV,921.6,0.0
ED50963,California,F,High School or Below,268886.4,32808.0,68.0,1/1/00,Personal Auto,Four-Door Car,541.695658,1.0
GP40701,California,F,Bachelor,827763.76,79780.0,68.0,1/0/00,Personal Auto,Four-Door Car,326.4,0.0
CP98451,Oregon,F,College,905793.53,91025.0,112.0,1/0/00,Personal Auto,SUV,327.682669,0.0
ZC32510,Arizona,M,High School or Below,933934.16,69442.0,118.0,1/3/00,Personal Auto,Four-Door Car,1265.570302,3.0
NG27780,Oregon,M,College,252012.32,0.0,70.0,1/0/00,Corporate Auto,Four-Door Car,63.043197,0.0
HN95240,Arizona,F,College,498409.53,0.0,70.0,1/0/00,Corporate Auto,Four-Door Car,336.0,0.0
EB59129,Oregon,F,Bachelor,259574.8,47234.0,65.0,1/0/00,Personal Auto,Four-Door Car,15.631363,0.0
RA70851,Oregon,M,High School or Below,743769.33,86863.0,92.0,1/0/00,Personal Auto,Four-Door Car,441.6,0.0
PM19162,Oregon,M,Bachelor,1453678.76,25805.0,66.0,1/2/00,Personal Auto,Four-Door Car,375.866091,2.0
MS59005,Nevada,M,Bachelor,591330.59,43676.0,76.0,1/0/00,Personal Auto,Four-Door Car,364.8,0.0
BD35676,Arizona,M,Master,2919436.64,35296.0,126.0,1/0/00,Personal Auto,SUV,452.616872,0.0
NI44621,Oregon,F,Master,988038.58,36576.0,125.0,1/1/00,Personal Auto,SUV,113.450122,1.0
EW33419,California,F,High School or Below,1511440.24,28513.0,100.0,1/1/00,Corporate Auto,SUV,480.0,1.0
HX44948,Oregon,M,Bachelor,575991.08,85448.0,72.0,1/0/00,Special Auto,Four-Door Car,16.03451,0.0
XR87264,California,F,Bachelor,438118.42,20597.0,112.0,1/0/00,Personal Auto,Four-Door Car,615.256301,0.0
NN99001,Arizona,F,College,699782.74,56940.0,87.0,1/0/00,Personal Auto,Four-Door Car,512.66245,0.0
OL97871,Oregon,F,Bachelor,748248.61,48992.0,94.0,1/1/00,Personal Auto,Four-Door Car,426.072946,1.0
WR63188,Arizona,M,College,785496.08,25378.0,66.0,1/1/00,Personal Auto,Four-Door Car,419.464143,1.0
NG82219,Oregon,F,Bachelor,258240.85,76731.0,64.0,1/0/00,Personal Auto,Four-Door Car,201.455005,0.0
KU29408,Washington,M,Master,907576.82,37722.0,116.0,1/0/00,Corporate Auto,Luxury,158.077504,0.0
RU94434,Oregon,M,High School or Below,1215732.99,57449.0,103.0,1/0/00,Personal Auto,Four-Door Car,494.4,0.0
GI82355,Arizona,M,Bachelor,515281.96,0.0,68.0,1/0/00,Corporate Auto,Four-Door Car,326.4,0.0
NV61299,Arizona,F,Bachelor,2778969.24,33806.0,89.0,1/0/00,Corporate Auto,Four-Door Car,395.729716,0.0
DX31066,Washington,F,College,266727.0,94041.0,66.0,1/0/00,Personal Auto,Four-Door Car,159.756733,0.0
CY50337,Oregon,F,College,1092840.71,74965.0,90.0,1/0/00,Personal Auto,Four-Door Car,58.557552,0.0
EP72155,California,F,College,200435.07,0.0,66.0,1/4/00,Personal Auto,Four-Door Car,316.8,4.0
JJ76159,California,M,College,243468.12,96045.0,61.0,1/0/00,Corporate Auto,Four-Door Car,8.582971,0.0
BG15419,Nevada,F,Bachelor,1419536.03,86355.0,118.0,1/0/00,Personal Auto,Luxury,285.418473,0.0
AO74776,California,F,High School or Below,942768.49,27824.0,118.0,1/0/00,Personal Auto,SUV,566.4,0.0
HQ82233,California,M,High School or Below,1198242.09,42995.0,101.0,1/0/00,Personal Auto,SUV,410.508316,0.0
ZQ59828,California,M,High School or Below,422263.12,74585.0,106.0,1/0/00,Personal Auto,SUV,218.598065,0.0
NZ15548,Oregon,M,Bachelor,402381.44,41833.0,103.0,1/0/00,Personal Auto,Four-Door Car,643.826716,0.0
XK61304,California,F,College,529715.18,23908.0,70.0,1/0/00,Personal Auto,Four-Door Car,336.0,0.0
CM94425,Arizona,M,Bachelor,441620.62,61953.0,113.0,1/0/00,Personal Auto,SUV,497.047297,0.0
OV54878,California,M,Bachelor,463903.52,0.0,142.0,1/0/00,Corporate Auto,SUV,1022.4,0.0
JF57282,Nevada,M,Bachelor,486354.46,0.0,137.0,1/0/00,Personal Auto,SUV,657.6,0.0
MY37953,Arizona,F,Bachelor,2583090.98,73760.0,107.0,1/1/00,Personal Auto,Luxury,230.245772,1.0
XP64922,Oregon,F,College,297431.49,23333.0,74.0,1/0/00,Corporate Auto,Four-Door Car,5.622751,0.0
WL65572,California,M,College,206445.88,0.0,61.0,1/0/00,Personal Auto,Four-Door Car,292.8,0.0
LN50325,Arizona,F,High School or Below,1006460.83,20440.0,128.0,1/2/00,Corporate Auto,Luxury,614.4,2.0
HJ15383,Washington,M,Master,803240.19,27658.0,68.0,1/0/00,Personal Auto,Four-Door Car,160.07526,0.0
KH59823,California,M,College,548921.41,50943.0,139.0,1/0/00,Special Auto,SUV,667.2,0.0
DR38127,California,M,College,857346.39,46703.0,108.0,1/0/00,Personal Auto,Four-Door Car,678.100487,0.0
PU42145,California,M,Bachelor,2412750.4,14072.0,71.0,1/0/00,Personal Auto,Four-Door Car,511.2,0.0
KM33477,Oregon,M,College,855038.66,21733.0,73.0,1/0/00,Corporate Auto,Four-Door Car,525.6,0.0
RI53167,Arizona,M,Bachelor,230864.8,20811.0,61.0,1/0/00,Personal Auto,Four-Door Car,292.8,0.0
YB33445,Oregon,F,College,898285.04,43490.0,114.0,1/4/00,Corporate Auto,SUV,174.588413,4.0
BA17836,California,M,High School or Below,786816.6,57340.0,67.0,1/0/00,Corporate Auto,Four-Door Car,159.391681,0.0
JS43228,California,M,College,770424.87,49088.0,97.0,1/0/00,Corporate Auto,Four-Door Car,698.4,0.0
BB11622,Nevada,M,Master,1055217.0,47761.0,131.0,1/0/00,Personal Auto,SUV,232.711071,0.0
WK88044,Arizona,M,Bachelor,873783.75,61281.0,110.0,1/0/00,Personal Auto,SUV,79.865605,0.0
EH16250,Arizona,M,Bachelor,770528.33,25290.0,66.0,1/0/00,Personal Auto,Four-Door Car,382.085897,0.0
PU41872,Arizona,F,High School or Below,703926.24,24239.0,88.0,1/0/00,Personal Auto,Four-Door Car,48.348319,0.0
HB85743,California,M,Bachelor,883808.56,82664.0,114.0,1/3/00,Personal Auto,SUV,133.425609,3.0
MM71959,Arizona,M,Bachelor,873352.73,83210.0,110.0,1/0/00,Personal Auto,Luxury,528.0,0.0
KR43119,California,M,College,450666.02,0.0,66.0,1/0/00,Personal Auto,Four-Door Car,316.8,0.0
KH24214,Oregon,M,College,1785797.23,55437.0,64.0,1/1/00,Personal Auto,Four-Door Car,445.287788,1.0
HP55391,Oregon,M,Master,542613.62,0.0,71.0,1/0/00,Corporate Auto,Four-Door Car,407.99684,0.0
EG62398,California,F,High School or Below,799814.38,29066.0,100.0,1/0/00,Personal Auto,SUV,844.229478,0.0
VS19949,Nevada,M,Bachelor,289762.07,54337.0,72.0,1/0/00,Personal Auto,Four-Door Car,345.6,0.0
AM92343,Oregon,F,High School or Below,1159950.22,67616.0,96.0,1/0/00,Personal Auto,Four-Door Car,340.306584,0.0
JT11876,Washington,F,High School or Below,543576.78,0.0,10202.0,1/0/00,Personal Auto,Four-Door Car,626.116259,0.0
XR64251,Nevada,F,Master,272535.64,36650.0,69.0,1/1/00,Personal Auto,Four-Door Car,56.60333,1.0
MK34957,Oregon,F,College,1329771.23,50631.0,112.0,1/4/00,Special Auto,SUV,784.65781,4.0
GP18756,California,M,College,992704.97,19592.0,92.0,1/0/00,Personal Auto,Four-Door Car,441.6,0.0
KQ65521,Arizona,F,College,1826927.02,55761.0,115.0,1/0/00,Personal Auto,Luxury,86.27772,0.0
EJ19449,California,F,College,272221.07,17576.0,71.0,1/0/00,Special Auto,Four-Door Car,398.502948,0.0
QB70027,California,F,Bachelor,708321.24,41449.0,89.0,1/0/00,Personal Auto,Four-Door Car,63.516572,0.0
QW47320,California,F,Bachelor,1017971.7,14290.0,271.0,1/0/00,Personal Auto,Luxury,1300.8,0.0
KH64733,Nevada,F,College,588950.91,62007.0,73.0,1/0/00,Personal Auto,Four-Door Car,120.015609,0.0
ON59472,Arizona,M,High School or Below,1577139.34,21921.0,206.0,1/0/00,Corporate Auto,Luxury,1254.137899,0.0
HP94242,Arizona,F,Bachelor,528817.33,42621.0,66.0,1/0/00,Personal Auto,Four-Door Car,316.8,0.0
RV15398,Oregon,M,College,2758055.4,0.0,87.0,1/1/00,Personal Auto,Four-Door Car,417.6,1.0
EA25683,Washington,M,High School or Below,777853.23,63786.0,196.0,1/0/00,Corporate Auto,Luxury,798.002689,0.0
PW73754,California,F,High School or Below,734186.13,0.0,104.0,1/3/00,Personal Auto,Luxury,82.041684,3.0
KI19439,Oregon,F,High School or Below,520764.08,21952.0,66.0,1/0/00,Personal Auto,Four-Door Car,316.8,0.0
PM76175,Oregon,F,Bachelor,2114727.72,49721.0,132.0,1/0/00,Corporate Auto,Luxury,639.971388,0.0
GT38956,California,F,College,244139.42,0.0,65.0,1/0/00,Personal Auto,Four-Door Car,312.0,0.0
SN41301,Oregon,M,Bachelor,653556.06,0.0,65.0,1/0/00,Corporate Auto,Four-Door Car,468.0,0.0
NC58480,Nevada,F,Bachelor,483820.9,73769.0,61.0,1/2/00,Personal Auto,Four-Door Car,239.540223,2.0
NS39326,California,F,College,462554.81,66670.0,114.0,1/0/00,Personal Auto,SUV,518.180364,0.0
EK91340,Oregon,M,Bachelor,754661.35,31266.0,193.0,1/0/00,Corporate Auto,Luxury,926.4,0.0
JY16280,California,F,High School or Below,251459.2,43860.0,65.0,1/0/00,Personal Auto,Four-Door Car,156.124914,0.0
ZW71731,California,M,Bachelor,517035.84,89284.0,133.0,1/2/00,Corporate Auto,SUV,402.070719,2.0
ZC24631,Oregon,M,College,1391737.72,67267.0,89.0,1/0/00,Corporate Auto,Four-Door Car,94.814032,0.0
YR34689,California,F,High School or Below,1131813.08,79270.0,95.0,1/3/00,Personal Auto,Four-Door Car,456.0,3.0
RT65829,Oregon,M,Bachelor,427636.36,36692.0,109.0,1/1/00,Personal Auto,Four-Door Car,523.2,1.0
BZ12077,Oregon,F,High School or Below,432224.03,0.0,119.0,1/0/00,Personal Auto,SUV,571.2,0.0
WM65373,California,F,College,800230.83,0.0,107.0,1/0/00,Corporate Auto,SUV,513.6,0.0
NH35059,Nevada,M,College,388545.64,0.0,105.0,1/0/00,Corporate Auto,Four-Door Car,504.0,0.0
QD38160,Oregon,M,College,447177.82,0.0,135.0,1/0/00,Personal Auto,SUV,972.0,0.0
BM15160,California,F,High School or Below,849635.28,44624.0,71.0,1/1/00,Special Auto,Four-Door Car,73.883044,1.0
VY79030,Arizona,F,College,2250088.35,0.0,71.0,1/0/00,Corporate Auto,Four-Door Car,340.8,0.0
TE13577,Oregon,F,College,231973.59,0.0,64.0,1/0/00,Personal Auto,Four-Door Car,632.715382,0.0
WY97929,Arizona,M,College,871704.98,83846.0,74.0,1/3/00,Special Auto,Four-Door Car,355.2,3.0
YG20683,Washington,M,College,286011.17,51159.0,72.0,1/0/00,Personal Auto,Four-Door Car,4.238626,0.0
NE60110,Arizona,M,College,598977.39,66839.0,154.0,1/0/00,Personal Auto,Luxury,739.2,0.0
HG33568,Arizona,F,Master,748263.95,25666.0,63.0,1/2/00,Personal Auto,Four-Door Car,270.002766,2.0
TW17878,Oregon,F,High School or Below,245757.6,52926.0,61.0,1/0/00,Personal Auto,Four-Door Car,292.8,0.0
ZO83562,Nevada,F,Bachelor,237974.12,0.0,67.0,1/0/00,Personal Auto,Four-Door Car,494.946438,0.0
CH97539,Washington,F,Bachelor,828696.44,40001.0,70.0,1/0/00,Personal Auto,Four-Door Car,142.567008,0.0
CV29889,California,M,College,239391.54,0.0,70.0,1/0/00,Personal Auto,Four-Door Car,425.266308,0.0
QZ81258,Oregon,F,College,1319792.89,0.0,68.0,1/3/00,Personal Auto,Four-Door Car,326.4,3.0
NY56352,Oregon,F,Bachelor,280391.67,23220.0,74.0,1/0/00,Personal Auto,Four-Door Car,251.334247,0.0
EA27048,California,F,High School or Below,864650.41,64125.0,108.0,1/0/00,Personal Auto,SUV,369.818708,0.0
UT38865,Oregon,F,College,742587.06,58042.0,62.0,1/0/00,Corporate Auto,Four-Door Car,161.419528,0.0
QC89139,Oregon,F,High School or Below,452873.74,90034.0,112.0,1/0/00,Corporate Auto,SUV,537.6,0.0
LA14484,Nevada,M,High School or Below,222707.28,27972.0,61.0,1/0/00,Special Auto,Four-Door Car,292.8,0.0
HN57556,California,F,High School or Below,729294.88,0.0,65.0,1/0/00,Personal Auto,Four-Door Car,312.0,0.0
CV31235,Arizona,M,Bachelor,318435.52,50989.0,80.0,1/0/00,Corporate Auto,Four-Door Car,255.999709,0.0
WR45726,Arizona,F,Bachelor,1131520.37,11885.0,101.0,1/0/00,Special Auto,Four-Door Car,484.8,0.0
LB25094,California,F,Bachelor,253070.51,89451.0,63.0,1/0/00,Special Auto,Four-Door Car,61.769564,0.0
KW56110,Oregon,M,Bachelor,1836155.53,0.0,182.0,1/0/00,Personal Auto,Luxury,1310.4,0.0
XO36233,Washington,M,Bachelor,864153.0,78904.0,109.0,1/0/00,Personal Auto,SUV,250.001424,0.0
ZX86243,Arizona,M,Doctor,327853.19,70247.0,83.0,1/1/00,Personal Auto,Four-Door Car,141.799422,1.0
CT83377,Washington,M,High School or Below,376363.77,93595.0,97.0,1/4/00,Special Auto,Four-Door Car,49.797016,4.0
OQ90898,California,M,Master,1395556.96,90279.0,115.0,1/0/00,Personal Auto,SUV,372.175592,0.0
GO77248,Oregon,F,College,500152.75,0.0,72.0,1/0/00,Personal Auto,Four-Door Car,542.14385,0.0
QW33258,California,M,Bachelor,708283.04,53310.0,189.0,1/3/00,Personal Auto,Luxury,1360.8,3.0
OU79745,California,M,College,761948.28,0.0,105.0,1/0/00,Personal Auto,Four-Door Car,504.0,0.0
VZ79886,Oregon,F,Bachelor,1255088.2,22234.0,160.0,1/0/00,Personal Auto,SUV,768.0,0.0
QM74621,Oregon,M,Bachelor,527231.97,0.0,80.0,1/0/00,Personal Auto,Four-Door Car,576.0,0.0
EI71732,Oregon,F,Doctor,626534.33,0.0,84.0,1/1/00,Personal Auto,Four-Door Car,481.025786,1.0
VN79010,California,F,High School or Below,854758.61,51179.0,71.0,1/0/00,Corporate Auto,Four-Door Car,466.176731,0.0
FI61723,California,M,Bachelor,278742.37,38667.0,72.0,1/0/00,Personal Auto,Four-Door Car,159.266473,0.0
OH55411,California,F,Master,462680.11,79487.0,114.0,1/0/00,Corporate Auto,SUV,547.2,0.0
TF10720,Nevada,F,Doctor,866336.4,67763.0,107.0,1/2/00,Personal Auto,Four-Door Car,41.283167,2.0
NW30838,Nevada,M,High School or Below,387222.22,0.0,62.0,1/2/00,Corporate Auto,Four-Door Car,503.808329,2.0
CB58476,Oregon,F,College,517081.15,0.0,71.0,1/0/00,Corporate Auto,Four-Door Car,859.599411,0.0
WI69346,California,F,Master,896028.02,71943.0,112.0,1/0/00,Corporate Auto,SUV,305.653785,0.0
FS76657,Oregon,F,College,547183.43,53526.0,68.0,1/0/00,Personal Auto,Four-Door Car,278.902846,0.0
YX89016,Oregon,M,College,3493100.17,35005.0,295.0,1/0/00,Personal Auto,Luxury,1416.0,0.0
PK28821,California,M,College,262039.23,24721.0,67.0,1/0/00,Personal Auto,Four-Door Car,139.963594,0.0
MB51200,Washington,M,College,1906949.95,0.0,102.0,1/2/00,Personal Auto,Four-Door Car,734.4,2.0
XG44587,Arizona,M,Master,575744.23,88997.0,72.0,1/0/00,Personal Auto,Four-Door Car,174.041566,0.0
FG91922,Arizona,M,Master,4022401.36,48587.0,111.0,1/0/00,Personal Auto,SUV,532.8,0.0
RV67546,California,M,Bachelor,371243.05,73205.0,92.0,1/0/00,Personal Auto,Four-Door Car,37.299865,0.0
UJ79253,Oregon,F,College,2185084.0,51056.0,78.0,1/0/00,Personal Auto,Four-Door Car,95.816516,0.0
PN98247,California,M,College,784016.58,58414.0,210.0,1/2/00,Personal Auto,Luxury,1008.0,2.0
IB67546,California,F,Bachelor,823703.79,23940.0,107.0,1/0/00,Personal Auto,SUV,513.6,0.0
OE19087,California,F,High School or Below,224347.39,0.0,62.0,1/0/00,Personal Auto,Four-Door Car,446.4,0.0
CM95716,California,M,Bachelor,843446.41,44216.0,71.0,1/0/00,Personal Auto,Four-Door Car,72.205362,0.0
MW62634,California,M,High School or Below,222707.28,27972.0,61.0,1/0/00,Corporate Auto,Four-Door Car,292.8,0.0
QW67581,Arizona,F,High School or Below,517002.6,0.0,69.0,1/0/00,Personal Auto,Four-Door Car,331.2,0.0
SN16059,California,F,Master,264144.61,29305.0,66.0,1/0/00,Personal Auto,Four-Door Car,475.2,0.0
OE51254,California,F,College,279068.3,53882.0,69.0,1/0/00,Personal Auto,Four-Door Car,331.2,0.0
RM42344,Oregon,M,College,274512.98,91757.0,69.0,1/1/00,Personal Auto,Four-Door Car,331.2,1.0
ML82674,Oregon,M,Bachelor,1097878.03,68158.0,139.0,1/1/00,Personal Auto,SUV,253.183568,1.0
EI85244,California,M,College,825506.01,0.0,134.0,1/3/00,Personal Auto,SUV,643.2,3.0
DE28132,Oregon,M,College,474773.46,42165.0,123.0,1/0/00,Corporate Auto,SUV,799.673766,0.0
TV25678,Washington,M,College,354090.43,0.0,101.0,1/0/00,Personal Auto,SUV,727.2,0.0
TY26512,California,M,Doctor,343613.43,30817.0,88.0,1/0/00,Personal Auto,Four-Door Car,91.834668,0.0
OB69153,California,M,Bachelor,258218.53,68074.0,65.0,1/0/00,Personal Auto,Four-Door Car,27.987867,0.0
QZ77637,Washington,F,College,1166509.78,84978.0,35353.0,1/1/00,Corporate Auto,Four-Door Car,166.77296,1.0
XN41715,California,F,Master,739628.37,71135.0,92.0,1/1/00,Personal Auto,Four-Door Car,270.563995,1.0
FL69363,Oregon,M,Master,907576.82,37722.0,116.0,1/0/00,Personal Auto,Luxury,158.077504,0.0
IS30295,Arizona,F,Bachelor,1463545.16,0.0,139.0,1/0/00,Personal Auto,SUV,667.2,0.0
WA25797,Washington,M,High School or Below,856476.82,95697.0,107.0,1/0/00,Personal Auto,Luxury,178.006524,0.0
NL59519,California,F,College,1156568.75,64642.0,96.0,1/0/00,Personal Auto,Four-Door Car,404.265696,0.0
DK94262,Oregon,M,High School or Below,850712.88,46754.0,106.0,1/1/00,Personal Auto,SUV,513.818403,1.0
UQ30615,California,M,College,758211.38,64801.0,64.0,1/0/00,Corporate Auto,Four-Door Car,268.471802,0.0
OR40060,Arizona,M,Bachelor,332309.25,70410.0,83.0,1/0/00,Personal Auto,Four-Door Car,131.828507,0.0
DK32872,Nevada,F,High School or Below,523433.17,66957.0,131.0,1/1/00,Personal Auto,SUV,628.8,1.0
FA46418,Nevada,F,High School or Below,2470959.96,24213.0,78.0,1/1/00,Personal Auto,Four-Door Car,374.4,1.0
ER19995,Washington,F,College,1778627.78,99790.0,6464.0,1/0/00,Personal Auto,Four-Door Car,178.986788,0.0
ND41876,Arizona,M,High School or Below,724771.37,86122.0,182.0,1/1/00,Personal Auto,Luxury,873.6,1.0
PN21042,Arizona,M,Bachelor,453884.78,82297.0,116.0,1/0/00,Personal Auto,Luxury,0.382107,0.0
AL46984,California,M,High School or Below,873042.2,43259.0,73.0,1/0/00,Personal Auto,Four-Door Car,350.4,0.0
JP58047,Oregon,M,College,833273.06,0.0,79.0,1/0/00,Personal Auto,Four-Door Car,379.2,0.0
ZE85014,California,M,College,235774.7,25064.0,62.0,1/0/00,Personal Auto,Four-Door Car,297.6,0.0
KU88219,Arizona,M,Master,463716.4,25816.0,119.0,1/0/00,Personal Auto,Luxury,571.2,0.0
UU98729,California,M,Bachelor,535719.27,0.0,73.0,1/0/00,Personal Auto,Four-Door Car,350.853987,0.0
WS82822,Oregon,F,College,539197.1,41662.0,69.0,1/0/00,Corporate Auto,Four-Door Car,217.973168,0.0
YB49933,Arizona,M,Bachelor,369414.05,96170.0,92.0,1/0/00,Personal Auto,Four-Door Car,441.6,0.0
XC16387,Arizona,F,High School or Below,504041.24,46072.0,64.0,1/0/00,Personal Auto,Four-Door Car,25.934064,0.0
XJ96748,Arizona,F,High School or Below,2749542.19,37931.0,99.0,1/0/00,Personal Auto,Four-Door Car,475.2,0.0
TM98684,Oregon,M,High School or Below,484228.5,35127.0,62.0,1/0/00,Personal Auto,Four-Door Car,297.6,0.0
DM74502,Nevada,F,College,522710.19,93087.0,131.0,1/3/00,Corporate Auto,Luxury,628.8,3.0
FT56968,Arizona,M,High School or Below,259009.6,22398.0,67.0,1/2/00,Personal Auto,Four-Door Car,321.6,2.0
OX36896,California,M,High School or Below,1053607.8,92983.0,87.0,1/1/00,Corporate Auto,Four-Door Car,153.205591,1.0
BZ65376,Arizona,M,Bachelor,858127.87,27689.0,239.0,1/2/00,Personal Auto,Luxury,2893.239678,2.0
LN34660,California,F,College,946311.33,69654.0,118.0,1/0/00,Corporate Auto,SUV,629.532731,0.0
JC29295,California,F,Bachelor,1344100.64,80744.0,111.0,1/0/00,Personal Auto,SUV,361.284757,0.0
KJ87930,California,F,Bachelor,388650.48,0.0,112.0,1/0/00,Corporate Auto,SUV,1185.988301,0.0
XT36360,Arizona,F,High School or Below,678489.37,0.0,64.0,1/1/00,Personal Auto,Four-Door Car,460.8,1.0
IX35050,Arizona,M,Bachelor,2359468.02,76358.0,66.0,1/0/00,Special Auto,Four-Door Car,86.461582,0.0
UN97379,Oregon,M,Bachelor,253862.63,18608.0,71.0,1/0/00,Corporate Auto,Four-Door Car,340.8,0.0
MR57294,California,M,High School or Below,563994.2,73168.0,70.0,1/0/00,Personal Auto,Four-Door Car,425.800112,0.0
UG79499,Washington,M,Bachelor,1168137.43,70930.0,99.0,1/0/00,Personal Auto,Four-Door Car,190.43446,0.0
UA50747,Washington,F,High School or Below,2599775.0,62262.0,72.0,1/0/00,Corporate Auto,Four-Door Car,193.505325,0.0
SP58110,California,F,Bachelor,492318.17,61469.0,63.0,1/5/00,Personal Auto,Four-Door Car,302.4,5.0
XM91635,Arizona,F,High School or Below,227233.54,16618.0,62.0,1/0/00,Special Auto,Four-Door Car,219.288706,0.0
TV82603,California,F,Bachelor,1489539.8,48081.0,188.0,1/0/00,Personal Auto,Luxury,881.360959,0.0
BB82067,Oregon,M,Doctor,975604.5,67632.0,121.0,1/0/00,Personal Auto,Luxury,26.951627,0.0
JP94676,Oregon,F,Bachelor,942297.41,34115.0,119.0,1/0/00,Personal Auto,SUV,466.122541,0.0
IW54795,California,M,College,1095213.19,23748.0,99.0,1/0/00,Personal Auto,Four-Door Car,607.095655,0.0
RN78170,Arizona,F,College,815913.66,40589.0,69.0,1/0/00,Corporate Auto,Four-Door Car,331.2,0.0
IX55883,California,F,College,1948049.98,50809.0,83.0,1/0/00,Personal Auto,Four-Door Car,290.381707,0.0
XM72420,Arizona,F,High School or Below,391936.67,66676.0,97.0,1/0/00,Personal Auto,Four-Door Car,558.099357,0.0
GC15104,Nevada,F,Bachelor,798514.21,52339.0,70.0,1/3/00,Corporate Auto,Four-Door Car,336.0,3.0
RX13282,Oregon,M,Bachelor,1216874.49,14973.0,115.0,1/0/00,Personal Auto,SUV,828.0,0.0
QA85890,Arizona,F,High School or Below,584932.15,0.0,83.0,1/0/00,Corporate Auto,Four-Door Car,540.514115,0.0
IR62668,Arizona,F,Bachelor,508583.66,31546.0,65.0,1/0/00,Personal Auto,Four-Door Car,100.049832,0.0
AL96740,California,F,College,290393.98,67763.0,73.0,1/1/00,Personal Auto,Four-Door Car,59.861963,1.0
SS48498,Washington,F,College,627317.34,20836.0,79.0,1/0/00,Corporate Auto,Four-Door Car,193.57032,0.0
PE39479,Washington,M,College,1832141.9,88592.0,76.0,1/0/00,Corporate Auto,Four-Door Car,199.79727,0.0
JH62891,Oregon,F,College,517870.42,66943.0,65.0,1/1/00,Special Auto,Four-Door Car,53.084753,1.0
FI20423,Arizona,F,High School or Below,1402435.84,81872.0,115.0,1/0/00,Special Auto,Four-Door Car,256.43803,0.0
PM13394,Washington,F,College,530943.59,22404.0,70.0,1/1/00,Personal Auto,Four-Door Car,211.136067,1.0
YV67971,California,F,High School or Below,494980.38,21342.0,62.0,1/0/00,Personal Auto,Four-Door Car,74.350893,0.0
QD31377,California,M,Bachelor,859566.53,34621.0,108.0,1/1/00,Corporate Auto,SUV,621.464468,1.0
YG10247,Oregon,M,College,2295189.2,62396.0,64.0,1/0/00,Personal Auto,Four-Door Car,307.2,0.0
SW19699,Arizona,F,Bachelor,275574.8,49648.0,70.0,1/0/00,Personal Auto,Four-Door Car,65.954813,0.0
QJ40732,Arizona,M,College,488033.96,97984.0,61.0,1/1/00,Personal Auto,Four-Door Car,407.450118,1.0
HM76207,California,F,College,905190.53,26308.0,114.0,1/0/00,Corporate Auto,SUV,547.2,0.0
NT59303,Oregon,F,College,1011544.62,63528.0,256.0,1/0/00,Personal Auto,Luxury,1228.8,0.0
PU41393,Nevada,M,College,826907.54,20225.0,114.0,1/1/00,Special Auto,SUV,547.2,1.0
QO86948,Nevada,M,High School or Below,807165.3,0.0,112.0,1/0/00,Personal Auto,SUV,806.4,0.0
QN10888,Oregon,F,High School or Below,772699.36,87620.0,64.0,1/0/00,Personal Auto,Four-Door Car,24.063693,0.0
VY19543,California,F,Bachelor,831113.59,0.0,72.0,1/0/00,Corporate Auto,Four-Door Car,311.329282,0.0
XC15133,Nevada,F,Master,257402.04,34990.0,65.0,1/0/00,Personal Auto,Four-Door Car,42.689135,0.0
ST43550,Oregon,M,Bachelor,572732.71,99934.0,71.0,1/0/00,Special Auto,Four-Door Car,460.323855,0.0
FX36546,Washington,M,Master,367914.21,60804.0,92.0,1/0/00,Personal Auto,Four-Door Car,213.225001,0.0
JX68983,Oregon,M,Bachelor,274451.96,94648.0,69.0,1/0/00,Personal Auto,Four-Door Car,331.2,0.0
HX78576,California,F,High School or Below,563674.03,24516.0,71.0,1/0/00,Personal Auto,Four-Door Car,300.607591,0.0
ZQ11381,Arizona,M,Bachelor,1687038.82,61063.0,85.0,1/0/00,Personal Auto,Four-Door Car,262.504882,0.0
SB18278,Oregon,M,Bachelor,464470.05,0.0,64.0,1/0/00,Corporate Auto,Four-Door Car,307.2,0.0
ZT30559,California,F,High School or Below,474668.65,15169.0,63.0,1/0/00,Personal Auto,Four-Door Car,302.4,0.0
ZS88847,Oregon,F,Bachelor,238760.61,27592.0,62.0,1/0/00,Personal Auto,Four-Door Car,297.6,0.0
RU49126,Washington,F,College,446533.57,61846.0,112.0,1/0/00,Personal Auto,SUV,215.8182,0.0
KR62797,Arizona,F,High School or Below,459162.59,83297.0,113.0,1/0/00,Personal Auto,SUV,542.4,0.0
ZJ73220,Arizona,F,College,1309258.58,0.0,188.0,1/0/00,Special Auto,Luxury,1353.6,0.0
FY62633,Oregon,M,Bachelor,911226.66,0.0,90.0,1/0/00,Personal Auto,Four-Door Car,432.0,0.0
CU36986,California,F,High School or Below,416516.66,55897.0,104.0,1/0/00,Personal Auto,Four-Door Car,499.2,0.0
WZ53904,Arizona,M,Bachelor,265998.06,21297.0,71.0,1/0/00,Personal Auto,Four-Door Car,45.507952,0.0
TD10493,Oregon,F,High School or Below,289873.27,0.0,96.0,1/4/00,Personal Auto,Four-Door Car,691.2,4.0
LY97989,Oregon,F,Bachelor,289424.39,0.0,85.0,1/0/00,Personal Auto,Four-Door Car,408.0,0.0
VX39856,Arizona,F,Doctor,350045.44,89398.0,86.0,1/0/00,Personal Auto,Four-Door Car,82.409922,0.0
TP51897,California,F,College,262180.86,36843.0,68.0,1/3/00,Corporate Auto,Four-Door Car,357.642982,3.0
QQ89253,Oregon,F,College,1022180.5,0.0,134.0,1/0/00,Personal Auto,SUV,643.2,0.0
QG15435,Arizona,F,College,624259.57,75680.0,78.0,1/0/00,Personal Auto,Four-Door Car,136.787725,0.0
FZ55002,Nevada,F,Doctor,522028.1,0.0,69.0,1/0/00,Personal Auto,Four-Door Car,331.2,0.0
HX77930,Washington,F,College,313643.21,49532.0,79.0,1/1/00,Personal Auto,Four-Door Car,220.186677,1.0
VB87946,California,M,College,497035.73,49714.0,63.0,1/3/00,Personal Auto,Four-Door Car,266.165535,3.0
AB60627,California,M,High School or Below,1546778.9,77517.0,129.0,1/0/00,Corporate Auto,SUV,98.921782,0.0
TA34903,Oregon,M,High School or Below,583889.92,81082.0,73.0,1/0/00,Personal Auto,Four-Door Car,281.295903,0.0
NZ26102,Oregon,F,High School or Below,228961.87,0.0,65.0,1/0/00,Personal Auto,Four-Door Car,468.0,0.0
OB49075,Arizona,M,Bachelor,445811.34,17622.0,65.0,1/1/00,Personal Auto,Four-Door Car,312.0,1.0
DS97676,Oregon,F,College,255505.15,0.0,72.0,1/0/00,Personal Auto,Four-Door Car,518.4,0.0
RS24501,Oregon,F,College,1335012.09,28919.0,173.0,1/0/00,Personal Auto,SUV,830.4,0.0
VT78274,Arizona,M,College,493122.13,0.0,68.0,1/0/00,Personal Auto,Four-Door Car,480.159011,0.0
MN20737,Nevada,F,College,255367.22,73935.0,64.0,1/1/00,Corporate Auto,Four-Door Car,72.071195,1.0
YQ15567,Oregon,F,Bachelor,903430.58,18846.0,115.0,1/0/00,Personal Auto,SUV,552.0,0.0
TR88637,Arizona,F,High School or Below,810591.08,38893.0,103.0,1/0/00,Personal Auto,SUV,41.965252,0.0
TC88986,Oregon,M,High School or Below,561968.91,0.0,153.0,1/0/00,Special Auto,SUV,1027.000029,0.0
XX88577,California,M,Bachelor,1572713.06,84824.0,196.0,1/0/00,Corporate Auto,SUV,319.820747,0.0
NE49052,California,F,High School or Below,661801.64,20068.0,86.0,1/0/00,Corporate Auto,Four-Door Car,411.011162,0.0
KX17826,Oregon,M,Doctor,467004.8,0.0,125.0,1/0/00,Corporate Auto,SUV,600.0,0.0
CC91503,Arizona,F,High School or Below,1016936.98,0.0,135.0,1/0/00,Personal Auto,Luxury,648.0,0.0
WH32183,California,M,Bachelor,832307.4,97245.0,70.0,1/0/00,Personal Auto,Four-Door Car,4.110585,0.0
ES90681,California,F,College,241776.0,51808.0,61.0,1/1/00,Personal Auto,Four-Door Car,351.149904,1.0
DW96592,California,M,Bachelor,804487.24,71391.0,67.0,1/0/00,Personal Auto,Four-Door Car,284.000172,0.0
BM69081,Arizona,M,Bachelor,694752.4,0.0,100.0,1/0/00,Personal Auto,SUV,925.137143,0.0
MB90871,Oregon,F,College,584741.52,23496.0,77.0,1/0/00,Special Auto,Four-Door Car,13.164097,0.0
GT62080,Washington,M,High School or Below,793690.2593445693,55561.0,63.0,1/0/00,Personal Auto,Four-Door Car,227.872071,0.0
QL77686,Nevada,F,College,472478.61,23986.0,119.0,1/0/00,Corporate Auto,SUV,463.335061,0.0
ON77827,Arizona,F,Master,279022.8,22974.0,71.0,1/0/00,Personal Auto,Four-Door Car,180.667969,0.0
KP18988,Oregon,F,High School or Below,2153133.28,0.0,101.0,1/0/00,Personal Auto,Four-Door Car,484.8,0.0
TI92884,Arizona,M,Bachelor,1262283.27,61844.0,106.0,1/0/00,Personal Auto,Luxury,508.8,0.0
YE97964,California,F,Bachelor,1646436.59,27760.0,104.0,1/0/00,Personal Auto,SUV,302.764283,0.0
VA30351,Oregon,F,High School or Below,559538.99,74454.0,71.0,1/0/00,Personal Auto,Four-Door Car,340.8,0.0
PV55726,Oregon,F,Master,417068.73,29462.0,107.0,1/1/00,Personal Auto,SUV,513.6,1.0
ZV32120,California,M,Doctor,397134.51,23599.0,103.0,1/0/00,Corporate Auto,SUV,494.4,0.0
FB80807,Oregon,M,Bachelor,552821.28,36088.0,72.0,1/0/00,Personal Auto,Four-Door Car,345.6,0.0
AS55677,California,F,High School or Below,833899.58,70534.0,104.0,1/0/00,Personal Auto,Four-Door Car,54.065538,0.0
WA15684,Oregon,M,College,3844585.59,27398.0,125.0,1/1/00,Personal Auto,SUV,600.0,1.0
SA50567,Nevada,M,Bachelor,544855.52,85296.0,68.0,1/0/00,Personal Auto,Four-Door Car,342.515136,0.0
KJ31611,Arizona,M,High School or Below,1080806.6,31063.0,92.0,1/0/00,Personal Auto,Four-Door Car,441.6,0.0
KN21017,Nevada,M,High School or Below,320822.59,52367.0,81.0,1/0/00,Personal Auto,Four-Door Car,275.989978,0.0
PX44289,Arizona,M,College,548010.41,58651.0,71.0,1/0/00,Personal Auto,Four-Door Car,472.599683,0.0
AM97901,Nevada,F,College,2298615.39,84831.0,192.0,1/0/00,Special Auto,Luxury,1336.931716,0.0
RE42925,Oregon,M,Bachelor,1310792.59,49088.0,114.0,1/1/00,Corporate Auto,SUV,547.2,1.0
CH85057,Oregon,F,Doctor,1146399.1,45354.0,285.0,1/0/00,Personal Auto,Luxury,540.141566,0.0
UP71482,Arizona,M,High School or Below,723613.25,0.0,63.0,1/0/00,Personal Auto,Four-Door Car,383.363758,0.0
EG40670,California,F,Bachelor,623268.79,28334.0,83.0,1/0/00,Special Auto,Four-Door Car,537.765151,0.0
HV83672,Oregon,F,Bachelor,2839332.99,38772.0,90.0,1/0/00,Personal Auto,Four-Door Car,321.873474,0.0
TC44716,California,M,Bachelor,2156933.73,23909.0,119.0,1/0/00,Personal Auto,SUV,571.2,0.0
OT52034,California,M,Bachelor,386477.68,24204.0,99.0,1/1/00,Personal Auto,Four-Door Car,707.303416,1.0
PU85769,California,M,High School or Below,515607.27,0.0,73.0,1/0/00,Personal Auto,Four-Door Car,807.947292,0.0
SL50592,California,F,High School or Below,783568.35,0.0,71.0,1/0/00,Corporate Auto,Four-Door Car,404.272806,0.0
XP11075,Arizona,M,Bachelor,1456726.84,0.0,148.0,1/0/00,Personal Auto,SUV,710.4,0.0
SI31236,Oregon,M,Bachelor,1017133.9,70200.0,65.0,1/0/00,Corporate Auto,Four-Door Car,312.0,0.0
JN26745,Nevada,F,Bachelor,413577.52,0.0,112.0,1/0/00,Special Auto,Four-Door Car,707.977614,0.0
VK48036,Oregon,F,College,551149.11,79027.0,70.0,1/0/00,Corporate Auto,Four-Door Car,336.0,0.0
JX76668,Washington,F,High School or Below,1131424.39,62935.0,141.0,1/0/00,Personal Auto,Luxury,232.242326,0.0
DS45802,California,F,High School or Below,541461.73,26893.0,68.0,1/0/00,Personal Auto,Four-Door Car,68.226001,0.0
OA96690,Oregon,F,High School or Below,742159.35,47406.0,94.0,1/1/00,Personal Auto,Four-Door Car,287.149807,1.0
EM27919,California,M,Bachelor,445811.34,17622.0,65.0,1/1/00,Personal Auto,Four-Door Car,312.0,1.0
QO41043,Oregon,F,College,1447612.49,27572.0,124.0,1/0/00,Corporate Auto,SUV,595.2,0.0
PR31642,Oregon,F,Bachelor,452527.65,32802.0,114.0,1/0/00,Personal Auto,SUV,547.2,0.0
TK30357,California,F,Bachelor,1413434.74,90844.0,118.0,1/0/00,Personal Auto,SUV,232.674417,0.0
NF31087,Nevada,F,High School or Below,2472318.31,44685.0,69.0,1/0/00,Personal Auto,Four-Door Car,331.2,0.0
NH16984,California,F,Bachelor,283806.78,0.0,80.0,1/0/00,Personal Auto,Four-Door Car,336.50961,0.0
OS75493,California,F,High School or Below,384848.36,42589.0,98.0,1/0/00,Corporate Auto,Four-Door Car,470.4,0.0
VT63298,Oregon,M,Bachelor,1950447.39,0.0,72.0,1/0/00,Personal Auto,Four-Door Car,345.6,0.0
SZ16483,Arizona,F,High School or Below,436137.29,79583.0,109.0,1/2/00,Personal Auto,Four-Door Car,523.2,2.0
VM92311,Arizona,F,High School or Below,252907.75,89129.0,64.0,1/0/00,Personal Auto,Four-Door Car,328.870868,0.0
NJ46849,Arizona,M,College,250444.48,0.0,69.0,1/0/00,Personal Auto,Four-Door Car,496.8,0.0
WZ31900,Oregon,F,Bachelor,864970.06,94389.0,107.0,1/0/00,Corporate Auto,SUV,85.063708,0.0
RG30482,Oregon,F,College,1366835.53,0.0,197.0,1/0/00,Personal Auto,SUV,1418.4,0.0
QQ39596,Arizona,F,College,251753.36,0.0,69.0,1/0/00,Personal Auto,Four-Door Car,42.096415,0.0
BJ53923,Arizona,M,High School or Below,260027.21,51978.0,66.0,1/0/00,Corporate Auto,Four-Door Car,144.782152,0.0
CZ96653,Oregon,F,Bachelor,853479.28,47325.0,107.0,1/0/00,Personal Auto,SUV,64.598216,0.0
FB23788,Oregon,M,High School or Below,882883.5,86721.0,111.0,1/0/00,Corporate Auto,SUV,532.8,0.0
NT43594,Nevada,F,Bachelor,224844.96,24910.0,63.0,1/1/00,Personal Auto,Four-Door Car,347.857619,1.0
RJ85627,Washington,F,Bachelor,1230276.24,43817.0,62.0,1/1/00,Personal Auto,Four-Door Car,245.447622,1.0
KJ86296,Oregon,M,High School or Below,455659.3,0.0,73.0,1/2/00,Personal Auto,Four-Door Car,525.6,2.0
PI47776,Oregon,F,Bachelor,253070.51,89451.0,63.0,1/0/00,Corporate Auto,Four-Door Car,61.769564,0.0
UX92071,Oregon,M,High School or Below,674311.93,0.0,199.0,1/0/00,Personal Auto,Luxury,955.2,0.0
YG44474,Oregon,M,College,1401472.13,54193.0,117.0,1/0/00,Corporate Auto,SUV,720.752945,0.0
UH45301,Oregon,M,College,943891.56,86946.0,118.0,1/0/00,Personal Auto,Four-Door Car,340.656963,0.0
RY92647,California,F,Bachelor,1050677.17,0.0,92.0,1/0/00,Personal Auto,Four-Door Car,546.524896,0.0
IK12620,Arizona,F,High School or Below,421391.86,12160.0,109.0,1/0/00,Personal Auto,Four-Door Car,489.411833,0.0
GQ66762,California,M,College,477368.64,33701.0,63.0,1/0/00,Personal Auto,Four-Door Car,171.325856,0.0
XD85577,California,M,Bachelor,284226.69,69417.0,73.0,1/1/00,Personal Auto,Four-Door Car,30.874869,1.0
TM65736,Oregon,M,Master,305955.03,38644.0,78.0,1/1/00,Personal Auto,Four-Door Car,361.455219,1.0
VJ51327,California,F,High School or Below,2031499.76,63209.0,102.0,1/2/00,Personal Auto,SUV,207.320041,2.0
GS98873,Arizona,F,Bachelor,323912.47,16061.0,88.0,1/0/00,Personal Auto,Four-Door Car,633.6,0.0
CW49887,California,F,Master,462680.11,79487.0,114.0,1/0/00,Special Auto,SUV,547.2,0.0
